kind,old,new,scope,files
# --- JavaScript identifiers (keys shared with Python are `key` rows) -----
js,stato,state,,
js,ATTESA,WAIT,,
js,AVVISO_OGNI,WARN_EVERY,,
js,CHIAVE,KEY,,
js,CODA,QUEUE,,
js,COLORE,COLOR,,
js,COLORE_RAMO,BRANCH_COLOR,,
js,DENTRO,INSIDE,,
js,LAMPO,FLASH,,
js,MAX_PASSI,MAX_STEPS,,
js,MAX_RIEMPIMENTO,MAX_FILL,,
js,OMBRA,SHADOW,,
js,ORLO,RIM,,
js,PASSO,STEP,,
js,RESPIRO,BREATH,,
js,RITMO,PACE,,
js,RITMO_TRACCIA,TRACE_PACE,,
js,ROSSO,RED,,
js,SOGLIA,THRESHOLD,,
js,SOSTA,HALT,,
js,SPENTO,OFF,,
js,aAtomo,toAtom,,
js,adiacenze,adjacencies,,
js,aggiorna,refresh,,
js,aggiornaGruppo,refreshGroup,,
js,aggiornaSeparati,refreshSeparate,,
js,aggiunti,added,,
js,alGiorno,perDay,,
js,alto,top_,,
js,altro,other,,
js,altrui,others,,
js,ammesso,allowed,,
js,ancora,still,,
js,aperto,open_,,
js,aperture,openings,,
js,arrivo,arrival,,
js,atomo,atom,,
js,attaccato,attached,,
js,attiva,activate,,
js,attivo,active,,
js,banchi,banks,,
js,bloccatoDallAcqua,blockedByWater,,
js,buono,good,,
js,cambiato,changed,,
js,camminoATappe,courseByWaypoints,,
js,celleDellEsagono,hexCells,,
js,cerca,search,,
js,cerchio,circle_,,
js,chiParte,whoLeaves,,
js,chiave,key,,
js,chiaveEsagono,hexKey,,
js,chiudi,close,,
js,chiuso,closed,,
js,coda,queue,,
js,collega,connect,,
js,confinanti,adjacent,,
js,coordinateImmagine,imageCoords,,
js,corso,ongoing,,
js,costoPasso,stepCost,,
js,costoTratta,legCost,,
js,costruisciBanchi,buildBanks,,
js,costruisciLati,buildSides,,
js,costruisciVicini,buildNeighbours,,
js,daAtomo,fromAtom,,
js,daDove,fromWhere,,
js,daDove_,fromWhere_,,
js,da_,from_,,
js,dati,data,,
js,decidi,decide,,
js,dentroDavvero,reallyInside,,
js,disegna,draw,,
js,disegnaAltrui,drawOthers,,
js,disegnaGruppo,drawGroup,,
js,disegnaSeparati,drawSeparate,,
js,disegnaSingolo,drawSingle,,
js,disegnato,drawn,,
js,distanza,dist,,
js,distanze,dists,,
js,elenco,listing,,
js,entrata,entrance,,
js,esito,outcome,,
js,extraLato,extraSide,,
js,ferma,stop,,
js,filo,thread,,
js,finale,final,,
js,fine,end,,
js,finito,finished,,
js,fino,until,,
js,fondi,merge,,
js,frecce,arrows,,
js,frecceCorrenti,currentArrows,,
js,freccia,arrow,,
js,fronte,front,,
js,fuori,outside,,
js,fuoriPosto,outOfPlace,,
js,gesto,gesture,,
js,giro,ring,,
js,grafi,graphs,,
js,grafoDi,graphOf,,
js,gruppoDisegno,drawingGroup,,
js,guardia,guard,,
js,guidata,guided,,
js,haQualcosa,hasSomething,,
js,htmlAltrui,othersHtml,,
js,ignotoSu,unknownOn,,
js,inAttivita,inActivities,,
js,inGruppo,inGroup,,
js,inLampo,inFlash,,
js,inLineaRetta,inStraightLine,,
js,inPunti,inPoints,,
js,inQuarti,inQuarters,,
js,incidenti,incident,,
js,indiceVicino,nearestIndex,,
js,indici,indices,,
js,indietro,back,,
js,insiemi,sets,,
js,interi,whole,,
js,invioAtteso,pendingSend,,
js,irraggiungibile,unreachable,,
js,lampoFinoA,flashUntil,,
js,largo,wide,,
js,latoVerso,sideTowards,,
js,linea,line,,
js,lung,len,,
js,lungo,along,,
js,lungoLAcqua,alongWater,,
js,manda,send,,
js,mandaTraccia,sendTrace,,
js,maschera,mask,,
js,meglio,better,,
js,mescola,blend,,
js,migliore,best,,
js,migliori,bestOnes,,
js,minimo,minimum,,
js,mio,mine,,
js,mioColore,myColor,,
js,misura,measure,,
js,nome,name,,
js,nuovo,fresh,,
js,ognunoPerSe,eachAlone,,
js,ora,now,,
js,passoAMano,manualStep,,
js,perCampo,perField,,
js,perSponda,perShore,,
js,pezzo,piece,,
js,piuLento,slowest,,
js,piuVicino,nearest,,
js,posto,spot,,
js,prima,before,,
js,primaCella,firstCell,,
js,primo,first,,
js,principale,main,,
js,proponi,propose,,
js,prossimo,next,,
js,punta,tip,,
js,punteggio,score,,
js,puntiRamo,branchPoints,,
js,quante,count,,
js,quanti,howMany,,
js,quanto,howMuch,,
js,quarti,quarters,,
js,quarto,quarter,,
js,qui,here,,
js,qui_,here_,,
js,ramo,branch,,
js,resta,remains,,
js,resto,rest,,
js,ricorda,remember,,
js,ricordo,memory,,
js,ridisegna,redraw,,
js,rimettendo,restoring,,
js,rimetti,restore,,
js,rimettiQuandoSiPuo,restoreWhenPossible,,
js,risali,climbBack,,
js,ritmoInsieme,paceTogether,,
js,ritrovo,meetingPoint,,
js,scelto,chosen,,
js,scordaLaSosta,forgetHalt,,
js,scorrimentoX,scrollX,,
js,scorrimentoY,scrollY,,
js,scritta,caption,,
js,scritte,captions,,
js,scritti,written,,
js,scrivi,write,,
js,segnalaBlocco,reportBlock,,
js,soglia,threshold,,
js,spedisci,dispatch,,
js,spegniIlLampo,stopFlash,,
js,spessore,thickness,,
js,spostamento,shift,,
js,stessoEsagono,sameHex,,
js,strada,road,,
js,strade,roads,,
js,strato,layer,,
js,stratoDopo,layerAfter,,
js,subito,immediately,,
js,targhetta,tagLabel,,
js,tentativi,attempts,,
js,testo,text,,
js,testoGiorni,daysText,,
js,testoGruppo,groupText,,
js,testoSeparato,separateText,,
js,testoTratta,legText,,
js,tocca,touch,,
js,totale,total,,
js,traccia,trace,,
js,trascina,drag,,
js,trattiAtomi,atomStretches,,
js,tratto,stretch,,
js,tutti,everyone,,
js,ultima,lastOne,,
js,ultimo,last,,
js,ultimoAvviso,lastWarning,,
js,ultimoGesto,lastGesture,,
js,ultimoInvio,lastSend,,
js,unioneMigliore,bestUnion,,
js,uscita,exit,,
js,vecchiaFreccia,oldArrow,,
js,verso,direction,,
js,versoLaMeta,towardsTarget,,
js,vicinoAMe,nearMe,,
js,vigila,watch,,
js,vigilaFino,watchUntil,,
js,vigilando,watching,,
js,visibile,visible,,
js,vista,view,,
js,visti,seen,,
js,vuoto,empty,,
js,xIniziale,startX,,
js,yIniziale,startY,,
enum,regno,kingdom,,
# --- modules and files -------------------------------------------------
module,archivio,archive,,
module,acquavie,waterways,,
module,acque,water_reading,,
module,carta_acque,water_chart,,
module,atomi,atoms,,
module,sezioni,sections,,
module,giornata,daily,,
module,tempo,almanac,,
module,viaggio,travel,,
module,vista,view,,
module,permessi,permissions,,
module,immagini,images,,
module,migrazioni,migrations,,
module,accesso,login,,
module,compagnia,party,,
module,trasporti,transport,,
module,orologio,clock,,
module,regia,gm_screen,,
module,tondi,badges,,
module,mappa,map,,
module,comune,common,,
module,disegno,drawing,,
module,segnalini,markers,,
module,acqua,water,,
module,esagono,hex_panel,,
module,barche,boats,,
module,righello,ruler,,
module,pagina,page,,
module,aiuti,helpers,,
module,scena,scene,,
module,allestisci,stage,,
module,tutte,run_all,,
module,figure_manuale,manual_figures,,
module,figure,figures,,
name,archivio_mod,archive_mod,,
name,atomi_mod,atoms_mod,,
name,sezioni_mod,sections_mod,,
name,vista_mod,view_mod,,
name,viaggio_mod,travel_mod,,
name,_comune,_common,,
name,_archivio_mod,_archive_mod,,
file,kingmaker/archivio.py,kingmaker/archive.py,,
file,kingmaker/acquavie.py,kingmaker/waterways.py,,
file,kingmaker/acque.py,kingmaker/water_reading.py,,
file,kingmaker/carta_acque.py,kingmaker/water_chart.py,,
file,kingmaker/atomi.py,kingmaker/atoms.py,,
file,kingmaker/sezioni.py,kingmaker/sections.py,,
file,kingmaker/giornata.py,kingmaker/daily.py,,
file,kingmaker/tempo.py,kingmaker/almanac.py,,
file,kingmaker/viaggio.py,kingmaker/travel.py,,
file,kingmaker/vista.py,kingmaker/view.py,,
file,kingmaker/permessi.py,kingmaker/permissions.py,,
file,kingmaker/immagini.py,kingmaker/images.py,,
file,kingmaker/migrazioni.py,kingmaker/migrations.py,,
file,kingmaker/ui/accesso.py,kingmaker/ui/login.py,,
file,kingmaker/ui/compagnia.py,kingmaker/ui/party.py,,
file,kingmaker/ui/trasporti.py,kingmaker/ui/transport.py,,
file,kingmaker/ui/orologio.py,kingmaker/ui/clock.py,,
file,kingmaker/ui/regia.py,kingmaker/ui/gm_screen.py,,
file,kingmaker/ui/tondi.py,kingmaker/ui/badges.py,,
file,kingmaker/ui/mappa/comune.py,kingmaker/ui/map/common.py,,
file,kingmaker/ui/mappa/disegno.py,kingmaker/ui/map/drawing.py,,
file,kingmaker/ui/mappa/segnalini.py,kingmaker/ui/map/markers.py,,
file,kingmaker/ui/mappa/acqua.py,kingmaker/ui/map/water.py,,
file,kingmaker/ui/mappa/esagono.py,kingmaker/ui/map/hex_panel.py,,
file,kingmaker/ui/mappa/viaggio.py,kingmaker/ui/map/travel.py,,
file,kingmaker/ui/mappa/barche.py,kingmaker/ui/map/boats.py,,
file,kingmaker/ui/mappa/righello.py,kingmaker/ui/map/ruler.py,,
file,kingmaker/ui/mappa/pagina.py,kingmaker/ui/map/page.py,,
file,kingmaker/ui/mappa/__init__.py,kingmaker/ui/map/__init__.py,,
file,kingmaker/ui/scorrimento_mappa.js,kingmaker/ui/map_scroll.js,,
file,kingmaker/ui/trascina_viaggio.js,kingmaker/ui/travel_drag.js,,
file,kingmaker/ui/gomma_acque.js,kingmaker/ui/water_eraser.js,,
file,kingmaker/ui/corrente_acque.js,kingmaker/ui/water_current.js,,
file,kingmaker/data/veicoli.json,kingmaker/data/vehicles.json,,
file,kingmaker/data/calendario.json,kingmaker/data/calendar.json,,
file,avvia.py,launch.py,,
file,avvia_prova.py,launch_test.py,,
file,prove/aiuti.py,tests/helpers.py,,
file,prove/allestisci.py,tests/stage.py,,
file,prove/avvia_scena.py,tests/launch_scene.py,,
file,prove/scena.py,tests/scene.py,,
file,prove/tutte.py,tests/run_all.py,,
file,prove/scena_esagoni.json,tests/scene_hexes.json,,
file,prove/banchi,tests/benches,,
file,prove/prova_acqua_atomi.py,tests/test_water_atoms.py,,
file,prove/prova_acquavie.py,tests/test_waterways.py,,
file,prove/prova_acque_spente.py,tests/test_water_off.py,,
file,prove/prova_arrivo.py,tests/test_arrival.py,,
file,prove/prova_atomi.py,tests/test_atoms.py,,
file,prove/prova_bordi.py,tests/test_edges.py,,
file,prove/prova_carta.py,tests/test_chart.py,,
file,prove/prova_centro.py,tests/test_center.py,,
file,prove/prova_clic_segnalini.py,tests/test_marker_clicks.py,,
file,prove/prova_confini.py,tests/test_borders.py,,
file,prove/prova_conto_atomi.py,tests/test_atom_count.py,,
file,prove/prova_corrente.py,tests/test_current.py,,
file,prove/prova_facce.py,tests/test_faces.py,,
file,prove/prova_freccia.py,tests/test_arrow.py,,
file,prove/prova_giro.py,tests/test_ring.py,,
file,prove/prova_gomma.py,tests/test_eraser.py,,
file,prove/prova_imbarco.py,tests/test_boarding.py,,
file,prove/prova_insieme.py,tests/test_together.py,,
file,prove/prova_lago.py,tests/test_lake.py,,
file,prove/prova_mappa_vera.py,tests/test_real_map.py,,
file,prove/prova_modalita.py,tests/test_modes.py,,
file,prove/prova_modello_rive.py,tests/test_bank_model.py,,
file,prove/prova_nuoto.py,tests/test_swimming.py,,
file,prove/prova_onair.py,tests/test_onair.py,,
file,prove/prova_ponti.py,tests/test_crossings.py,,
file,prove/prova_prefisso.py,tests/test_prefix.py,,
file,prove/prova_pulizia.py,tests/test_cleanup.py,,
file,prove/prova_raduno.py,tests/test_rendezvous.py,,
file,prove/prova_ridisegno.py,tests/test_redraw.py,,
file,prove/prova_rive_mappa.py,tests/test_map_banks.py,,
file,prove/prova_rotta.py,tests/test_route.py,,
file,prove/prova_sicurezza.py,tests/test_security.py,,
file,prove/prova_sponda_puntata.py,tests/test_pointed_shore.py,,
file,prove/prova_sponde.py,tests/test_shores.py,,
file,prove/prova_strutture.py,tests/test_structures.py,,
file,prove/prova_taglio.py,tests/test_cut.py,,
file,prove/prova_tondi.py,tests/test_badges.py,,
file,prove/prova_tracce.py,tests/test_traces.py,,
file,prove/prova_tratti.py,tests/test_stretches.py,,
file,prove/prova_velo.py,tests/test_veil.py,,
file,prove/prova_vista_mappa.py,tests/test_map_view.py,,
file,docs/manuale/figure_manuale.py,docs/manuale/manual_figures.py,,
file,docs/figure.py,docs/figures.py,,
wire,prova_acqua_atomi,test_water_atoms,,
wire,prova_acquavie,test_waterways,,
wire,prova_acque_spente,test_water_off,,
wire,prova_arrivo,test_arrival,,
wire,prova_atomi,test_atoms,,
wire,prova_bordi,test_edges,,
wire,prova_carta,test_chart,,
wire,prova_centro,test_center,,
wire,prova_clic_segnalini,test_marker_clicks,,
wire,prova_confini,test_borders,,
wire,prova_conto_atomi,test_atom_count,,
wire,prova_corrente,test_current,,
wire,prova_facce,test_faces,,
wire,prova_freccia,test_arrow,,
wire,prova_giro,test_ring,,
wire,prova_gomma,test_eraser,,
wire,prova_imbarco,test_boarding,,
wire,prova_insieme,test_together,,
wire,prova_lago,test_lake,,
wire,prova_mappa_vera,test_real_map,,
wire,prova_modalita,test_modes,,
wire,prova_modello_rive,test_bank_model,,
wire,prova_nuoto,test_swimming,,
wire,prova_onair,test_onair,,
wire,prova_ponti,test_crossings,,
wire,prova_prefisso,test_prefix,,
wire,prova_pulizia,test_cleanup,,
wire,prova_raduno,test_rendezvous,,
wire,prova_ridisegno,test_redraw,,
wire,prova_rive_mappa,test_map_banks,,
wire,prova_rotta,test_route,,
wire,prova_sicurezza,test_security,,
wire,prova_sponda_puntata,test_pointed_shore,,
wire,prova_sponde,test_shores,,
wire,prova_strutture,test_structures,,
wire,prova_taglio,test_cut,,
wire,prova_tondi,test_badges,,
wire,prova_tracce,test_traces,,
wire,prova_tratti,test_stretches,,
wire,prova_velo,test_veil,,
wire,prova_vista_mappa,test_map_view,,
wire,scena_esagoni,scene_hexes,,
wire,allestisci,stage,,
wire,avvia_scena,launch_scene,,
wire,avvia_prova,launch_test,,
wire,scorrimento_mappa,map_scroll,,
wire,trascina_viaggio,travel_drag,,
wire,gomma_acque,water_eraser,,
wire,corrente_acque,water_current,,
wire,veicoli.json,vehicles.json,,
wire,calendario.json,calendar.json,,
wire,kmCampoViaggio,kmTravelField,,
wire,kmTracciaAltrui,kmOthersTrace,,
wire,kmCorrente,kmCurrent,,
wire,kmGommaAcque,kmWaterEraser,,
wire,kmAppenaTracciato,kmJustTraced,,
wire,kmFreccia,kmArrow,,
wire,kmTrascina,kmDrag,,
wire,km_meta_viaggio,km_travel_target,,
wire,km_viaggio_bloccato,km_travel_blocked,,
wire,km_traccia_viva,km_live_trace,,
wire,km_gomma_acque,km_water_eraser,,
wire,km_ora,km_hour,,
wire,km_giorno,km_day,,
wire,km_ora_per_metro,km_hour_per_metre,,
css,km-barrato,km-strike,,
css,km-trascina,km-drag,,
css,km-percorso,km-path,,
css,km-in-corso,km-running,,
css,km-vista-mappa,km-map-view,,
css,km-corrente,km-current,,
css,km-abil,km-skill,,
css,km-altrui,km-others,,
css,km-freccia,km-arrow,,
# --- SQL tables and columns (archive, migrations, tests that run SQL) ---
col,campagne,campaigns,,archivio;archive;migrazioni;migrations;prove;tests
col,regni,kingdoms,,archivio;archive;migrazioni;migrations;prove;tests
col,esagoni,hexes,,archivio;archive;migrazioni;migrations;prove;tests
col,esagoni_gm,hexes_gm,,archivio;archive;migrazioni;migrations;prove;tests
col,visibilita,visibility,,archivio;archive;migrazioni;migrations;prove;tests
col,personaggi,characters,,archivio;archive;migrazioni;migrations;prove;tests
col,utenti,users,,archivio;archive;migrazioni;migrations;prove;tests
col,stalla,stable,,archivio;archive;migrazioni;migrations;prove;tests
col,viaggi,journeys,,archivio;archive;migrazioni;migrations;prove;tests
col,registro,log,,archivio;archive;migrazioni;migrations;prove;tests
col,laghi,lakes,,archivio;archive;migrazioni;migrations;prove;tests
col,correnti,currents,,archivio;archive;migrazioni;migrations;prove;tests
col,confini,borders,,archivio;archive;migrazioni;migrations;prove;tests
col,rive,banks,,archivio;archive;migrazioni;migrations;prove;tests
col,ponti,crossings,,archivio;archive;migrazioni;migrations;prove;tests
col,ponti_da_tradurre,crossings_to_translate,,archivio;archive;migrazioni;migrations;prove;tests
col,idx_esagoni_stato,idx_hexes_status,,archivio;archive
col,idx_visibilita_destinatario,idx_visibility_recipient,,archivio;archive
col,idx_personaggi_campagna,idx_characters_campaign,,archivio;archive
col,idx_stalla_campagna,idx_stable_campaign,,archivio;archive
col,idx_viaggi_stato,idx_journeys_status,,archivio;archive
col,idx_registro_campagna,idx_log_campaign,,archivio;archive
col,chiave,key,,archivio;archive
col,valore,value,,archivio;archive
col,schema_versione,schema_version,,archivio;archive;migrazioni;migrations;prove;tests
col,nome,name,,archivio;archive;migrazioni;migrations
col,creata_il,created_at,,archivio;archive;migrazioni;migrations
col,campagna_id,campaign_id,,archivio;archive;migrazioni;migrations;prove;tests
col,documento,document,,archivio;archive;migrazioni;migrations;prove;tests
col,aggiornato_il,updated_at,,archivio;archive;migrazioni;migrations
col,riga,row,,archivio;archive;migrazioni;migrations
col,stato,status,,archivio;archive;migrazioni;migrations
col,terreni,terrains,,archivio;archive;migrazioni;migrations
col,elementi,features,,archivio;archive;migrazioni;migrations
col,strade,roads,,archivio;archive;migrazioni;migrations
col,fortificato,fortified,,archivio;archive;migrazioni;migrations
col,terreno_agricolo,farmland,,archivio;archive;migrazioni;migrations
col,sito_lavoro,work_site,,archivio;archive;migrazioni;migrations
col,insediamento,settlement,,archivio;archive;migrazioni;migrations
col,note_gm,gm_notes,,archivio;archive;migrazioni;migrations
col,elementi_nascosti,hidden_features,,archivio;archive;migrazioni;migrations
col,difficolta_gm,gm_difficulty,,archivio;archive;migrazioni;migrations
col,campi_nascosti,hidden_fields,,archivio;archive;migrazioni;migrations
col,destinatario,recipient,,archivio;archive;migrazioni;migrations
col,rivelato_il,revealed_at,,archivio;archive;migrazioni;migrations
col,utente_id,user_id,,archivio;archive;migrazioni;migrations
col,velocita_m,speed_m,,archivio;archive;migrazioni;migrations
col,mod_costituzione,con_mod,,archivio;archive;migrazioni;migrations
col,colore,color,,archivio;archive;migrazioni;migrations
col,hex_riga,hex_row,,archivio;archive;migrazioni;migrations
col,attivo,active,,archivio;archive;migrazioni;migrations
col,creato_il,created_at,,archivio;archive;migrazioni;migrations
col,ritratto,portrait,,archivio;archive;migrazioni;migrations
col,bonus_velocita_m,speed_bonus_m,,archivio;archive;migrazioni;migrations
col,stalla_id,stable_id,,archivio;archive;migrazioni;migrations
col,riva,bank,,archivio;archive;migrazioni;migrations
col,velocita_nuoto_m,swim_speed_m,,archivio;archive;migrazioni;migrations
col,dove_x,pos_x,,archivio;archive;migrazioni;migrations
col,dove_y,pos_y,,archivio;archive;migrazioni;migrations
col,nome_utente,username,,archivio;archive;migrazioni;migrations
col,hash_pw,pw_hash,,archivio;archive;migrazioni;migrations
col,iterazioni,iterations,,archivio;archive;migrazioni;migrations
col,ruolo,role,,archivio;archive;migrazioni;migrations
col,deve_cambiare_pw,must_change_pw,,archivio;archive;migrazioni;migrations
col,ultimo_accesso,last_login,,archivio;archive;migrazioni;migrations
col,veicolo,vehicle,,archivio;archive;migrazioni;migrations
col,disponibile,available,,archivio;archive;migrazioni;migrations
col,posti,seats,,archivio;archive;migrazioni;migrations
col,tipo,kind,,archivio;archive;migrazioni;migrations
col,partenza,departure,,archivio;archive;migrazioni;migrations
col,arrivo,arrival,,archivio;archive;migrazioni;migrations
col,percorso,path,,archivio;archive;migrazioni;migrations
col,costo_attivita,activity_cost,,archivio;archive;migrazioni;migrations
col,giorni,days,,archivio;archive;migrazioni;migrations
col,marcia_forzata,forced_march,,archivio;archive;migrazioni;migrations
col,costi,costs,,archivio;archive;migrazioni;migrations
col,attivita_giorno,activities_per_day,,archivio;archive;migrazioni;migrations
col,progresso,progress,,archivio;archive;migrazioni;migrations
col,giorno_partenza,departure_day,,archivio;archive;migrazioni;migrations
col,tratte,legs,,archivio;archive;migrazioni;migrations
col,turno_creato,turn_created,,archivio;archive;migrazioni;migrations
col,turno_risolto,turn_resolved,,archivio;archive;migrazioni;migrations
col,creato_da,created_by,,archivio;archive;migrazioni;migrations
col,quando,logged_at,,archivio;archive;migrazioni;migrations
col,turno,turn,,archivio;archive;migrazioni;migrations
col,categoria,category,,archivio;archive;migrazioni;migrations
col,testo,text,,archivio;archive;migrazioni;migrations
col,dettaglio,detail,,archivio;archive;migrazioni;migrations
col,celle,cells,,archivio;archive;migrazioni;migrations
col,punti,points,,archivio;archive;migrazioni;migrations
col,fonte,source,,archivio;archive;migrazioni;migrations
col,tratto,stretch,,archivio;archive;migrazioni;migrations
col,monte,upstream,,archivio;archive;migrazioni;migrations
col,valle,downstream,,archivio;archive;migrazioni;migrations
col,riga_a,row_a,,archivio;archive;migrazioni;migrations
col,riga_b,row_b,,archivio;archive;migrazioni;migrations
col,nota,note,,archivio;archive;migrazioni;migrations
col,gruppi,groups,,archivio;archive;migrazioni;migrations
col,sopra_x,at_x,,archivio;archive;migrazioni;migrations
col,sopra_y,at_y,,archivio;archive;migrazioni;migrations
col,difficolta,difficulty,,archivio;archive;migrazioni;migrations
col,acqua,water,,archivio;archive;migrazioni;migrations
col,guado,ford,,archivio;archive;migrazioni;migrations
col,ponte,bridge,,archivio;archive;migrazioni;migrations
col,terra,land,,archivio;archive;migrazioni;migrations
col,in_corso,in_progress,,archivio;archive;migrazioni;migrations
col,giocatore,player,,archivio;archive;migrazioni;migrations
col,sconosciuto,unknown,,archivio;archive;migrazioni;migrations
col,tracciato,traced,,archivio;archive;migrazioni;migrations
col,tabella,table,,archivio;archive;migrazioni;migrations
col,colonna,column,,archivio;archive;migrazioni;migrations
col,messa da parte come,stashed as,,archivio;archive
col,aggiunta la colonna,added column,,archivio;archive
# --- keys of documents, rows, payloads, data files; ids and enum values ---
key,versione,version,,
key,creato,created,,
key,nome,name,,
key,livello,level,,
key,livello_gruppo,party_level,,
key,pe,xp,,
key,turno,turn,,
key,concessione,charter,,
key,concessione_libero,charter_free_boost,,
key,territorio_centrale,heartland,,
key,governo,government,,
key,governo_libero,government_free_boost,,
key,aumenti_finali,final_boosts,,
key,reputazione,reputation,,
key,punti_fama,fame_points,,
key,bonus_max_fama,fame_bonus_max,,
key,caratteristiche,abilities,,
key,caratteristica,ability,,
key,competenze,proficiencies,,
key,competenza,proficiency,,
key,competenza_minima,min_proficiency,,
key,ruoli,roles,,
key,ruolo,role,,
key,personaggio_id,character_id,,
key,pg,pc,,
key,investito,invested,,
key,investiti,invested_count,,
key,assente,absent,,
key,talenti,feats,,
key,talento,feat,,
key,malcontento,unrest,,
key,rovine,ruins,,
key,rovina,ruin,,
key,rovina_scelta,ruin_choice,,
key,punti,points,,
key,soglia,threshold,,
key,penalita,penalty,,
key,penalita_assenza,absence_penalty,,
key,pr,rp,,
key,pr_spesi_turno,rp_spent_turn,,
key,dadi_bonus,bonus_dice,,
key,dadi_penalita,penalty_dice,,
key,dado_risorsa,resource_die,,
key,dado,die,,
key,prodotti,commodities,,
key,prodotto,commodity,,
key,prodotto_scelta,commodity_choice,,
key,magazzino,storage,,
key,magazzino_extra,storage_extra,,
key,consumo,consumption,,
key,consumo_extra,consumption_extra,,
key,consumo_eserciti,army_consumption,,
key,eserciti,armies,,
key,modificatori,modifiers,,
key,attivita_turno,turn_activities,,
key,attivita_extra,extra_activities,,
key,accordi_commerciali,trade_agreements,,
key,relazioni,diplomatic_relations,,
key,miliari,milestones,,
key,pe_miliari,milestone_xp,,
key,pe_miliare,milestone_xp,,
key,cd_evento,event_dc,,
key,esagoni,hexes,,
key,esagono,hexagon,,
key,insediamenti,settlements,,
key,insediamento,settlement,,
key,capitale,capital,,
key,mappa,map,,
key,immagine,image,,
key,orientamento,orientation,,
key,colonne,columns,,
key,righe,rows,,
key,riga,row,,
key,larghezza_img,img_width,,
key,altezza_img,img_height,,
key,mostra_griglia,show_grid,,
key,velo_terreni,terrain_veil,,
key,nebbia_opacita,fog_opacity,,
key,fase_corrente,current_phase,,
key,fase,phase,,
key,fasi_turno,turn_phases,,
key,passi,steps,,
key,passo,step,,
key,tempo,clock,,
key,inizio,start,,
key,anno,year,,
key,mese,month,,
key,mesi,months,,
key,giorno,day,,
key,giorni,days,,
key,in_corso,in_progress,,
key,secondi_per_giorno,seconds_per_day,,
key,turno_iniziato_il,turn_started_at,,
key,stato,status,,
key,terreni,terrains,,
key,terreno,terrain,,
key,elementi,features,,
key,elemento,feature,,
key,elementi_terreno,hex_features,,
key,strade,roads,,
key,fortificato,fortified,,
key,terreno_agricolo,farmland,,
key,sito_lavoro,work_site,,
key,note_gm,gm_notes,,
key,elementi_nascosti,hidden_features,,
key,difficolta_gm,gm_difficulty,,
key,campi_nascosti,hidden_fields,,
key,campagna_id,campaign_id,,
key,creata_il,created_at,,
key,creato_il,created_at,,
key,aggiornato_il,updated_at,,
key,documento,document,,
key,destinatario,recipient,,
key,rivelato_il,revealed_at,,
key,utente_id,user_id,,
key,utente,user,,
key,utenti,users,,
key,utente_rev,user_rev,,
key,velocita_m,speed_m,,
key,velocita,speed,,
key,velocita_testo,speed_text,,
key,velocita_dipende_da,speed_depends_on,,
key,velocita_di_viaggio,travel_speed,,
key,velocita_gruppo,party_speed,,
key,mod_costituzione,con_mod,,
key,colore,color,,
key,colore_giocatore,player_color,,
key,hex_riga,hex_row,,
key,attivo,active,,
key,ritratto,portrait,,
key,bonus_velocita_m,speed_bonus_m,,
key,stalla_id,stable_id,,
key,riva,bank,,
key,rive,banks,,
key,velocita_nuoto_m,swim_speed_m,,
key,dove_x,pos_x,,
key,dove_y,pos_y,,
key,dove,where,,
key,nome_utente,username,,
key,hash_pw,pw_hash,,
key,iterazioni,iterations,,
key,deve_cambiare_pw,must_change_pw,,
key,ultimo_accesso,last_login,,
key,veicolo,vehicle,,
key,veicoli,vehicles,,
key,disponibile,available,,
key,posti,seats,,
key,tipo,kind,,
key,tipi,kinds,,
key,personaggi,characters,,
key,personaggi_su,characters_on,,
key,partenza,departure,,
key,arrivo,arrival,,
key,arrivo_dove,arrival_pos,,
key,percorso,path,,
key,costo_attivita,activity_cost,,
key,marcia_forzata,forced_march,,
key,costi,costs,,
key,costo,cost,,
key,costo_raw,cost_raw,,
key,costo_dati,cost_data,,
key,costo_pr,rp_cost,,
key,costo_terreno_sconnesso,disconnected_terrain_cost,,
key,attivita_giorno,activities_per_day,,
key,attivita_al_giorno,activities_per_day_table,,
key,attivita,activities,,
key,progresso,progress,,
key,giorno_partenza,departure_day,,
key,tratte,legs,,
key,attende,waiting,,
key,turno_creato,turn_created,,
key,turno_risolto,turn_resolved,,
key,creato_da,created_by,,
key,quando,logged_at,,
key,categoria,category,,
key,categorie,categories,,
key,ordine_categorie,category_order,,
key,testo,text,,
key,dettaglio,detail,,
key,celle,cells,,
key,fonte,source,,
key,tratto,stretch,,
key,tratti,stretches,,
key,tratti,traits,,main.py;state.py;city.py;turn.py;sheet.py;creation.py;rules.py;data/;test_structures;prova_strutture
key,tratti_atomi,atom_stretches,,
key,monte,upstream,,
key,valle,downstream,,
key,riga_a,row_a,,
key,riga_b,row_b,,
key,nota,note,,
key,gruppi,groups,,
key,gruppo,group,,
key,sopra_x,at_x,,
key,sopra_y,at_y,,
key,sopra,at,,
key,difficolta,difficulty,,
key,griglie,grids,,
key,griglia,grid,,
key,isolati,blocks,,
key,isolati_attivi,active_blocks,,
key,isolati_costruiti,built_blocks,,
key,lotti,lots,,
key,struttura,structure,,
key,confini,borders,,
key,influenza,influence,,
key,popolazione,population,,
key,bonus_oggetto,item_bonus,,
key,bonus_oggetto_max,item_bonus_max,,
key,livello_regno,kingdom_level,,
key,tipi_insediamento,settlement_types,,
key,tabella_dimensione,size_table,,
key,tabella_livelli,level_table,,
key,cd_controllo,control_dc,,
key,cd_mod,dc_mod,,
key,capacita,capabilities,,
key,soglie_malcontento,unrest_thresholds,,
key,abilita,skills,,
key,abilita_note,skills_note,,
key,abilita_leader,leader_skills,,
key,car,ability,,
key,abbr,abbr,,
key,desc,desc,,
key,descrizione,description,,
key,sommario,summary,,
key,prerequisiti,prerequisites,,
key,ripetibile,repeatable,,
key,requisiti,requirements,,
key,rimando,reference,,
key,limite_turno,turn_limit,,
key,esiti,outcomes,,
key,effetti,effects,,
key,effetti_regno,kingdom_effects,,
key,successo_critico,critical_success,,
key,successo,success,,
key,fallimento,failure,,
key,fallimento_critico,critical_failure,,
key,segno,sign,,
key,quantita,quantity,,
key,aumenti,boosts,,
key,aumento,boost,,
key,difetto,flaw,,
key,concessioni,charters,,
key,territori_centrali,heartlands,,
key,governi,governments,,
key,bonus_livello,level_bonus,,
key,rank,rank,,
key,icona,icon,,
key,costruzione,construction,,
key,opzioni,options,,
key,cd,dc,,
key,lotti,lots,,
key,miglioramento_di,upgrade_of,,
key,miglioramento_a,upgrade_to,,
key,consumo,consumption,,
key,tratti_struttura,structure_traits,,
key,tratto_struttura,structure_trait,,
key,equipaggio,crew,,
key,passeggeri,passengers,,
key,pilotaggio,piloting,,
key,prezzo,price,,
key,rarita,rarity,,
key,spazio,space,,
key,taglia,size,,
key,collisione,collision,,
key,giorni_settimana,weekdays,,
key,giorni_pausa_leader,leader_rest_days,,
key,bisestile,leap_year,,
key,ogni_anni,every_years,,
key,ultimo_noto,last_known,,
key,viaggio,travel,,
key,viaggio_pg,travel_pcs,,
key,viaggio_veicolo,travel_vehicle,,
key,viaggio_scelto,chosen_journey,,
key,viaggiatori,travellers,,
key,dimensione_esagono,hex_size,,
key,larghezza_km,width_km,,
key,fino_a,up_to,,
key,ore_al_giorno,hours_per_day,,
key,tabella,table,,
key,fra_le_righe,between_the_lines,,
key,corrente,current,,
key,corrente_da,current_from,,
key,correnti,currents,,
key,fermo,still,,
key,ignoto,unknown_,,
key,ignoti,unknowns,,
key,migliora_di_gradi,improves_by_steps,,
key,ricognizione,reconnaissance,,
key,giorni_sostenibili,sustainable_days,,
key,oltre,beyond,,
key,altre_attivita,other_activities,,
key,acqua_e_volo,water_and_flight,,
key,scala,scale,,
key,scalare,scalable,,
key,raddoppiato,doubled,,
key,km_ora,km_hour,,
key,km_giorno,km_day,,
key,metri,metres,,
key,metri_al_minuto,metres_per_minute,,
key,mura,walls,,
key,ha_ponte,has_bridge,,
key,traino,towing,,
key,pilota,pilot,,
key,volare,fly,,
key,nuotare,swim,,
key,terrestre,land_,,
key,fattorie,farms,,
key,eventi,events,,
key,totale,total,,
key,mancanti,missing,,
key,residenziali,residential_count,,
key,occupati,occupied,,
key,liberi,free,,
key,sovrappopolato,overcrowded,,
key,modo_viaggio,travel_mode,,
key,modo_acqua,water_mode,,
key,modo_confine,border_mode,,
key,modo_nebbia,fog_mode,,
key,applica_cursore,apply_slider,,
key,acque,waters,,
key,acque_attive,waters_active,,
key,acqua_campioni,water_samples,,
key,proposta_acque,water_proposal,,
key,a_bordo,aboard,,
key,togli_verso,remove_direction,,
key,piano,plan,,
key,singoli,singles,,
key,lago_punti,lake_points,,
key,lago_id,lake_id,,
key,lago,lake,,
key,laghi,lakes,,
key,raduno,rendezvous,,
key,sbarco,landing,,
key,posiziona_veicolo,place_vehicle,,
key,posiziona_pg,place_pc,,
key,insieme,together,,
key,taglio_in_corso,cut_in_progress,,
key,selezione_nebbia,fog_selection,,
key,per_fiume,by_river,,
key,nodi,nodes,,
key,rotta,route,,
key,rami,branches,,
key,anteprima_giocatore,player_preview,,
key,disegna,draw,,
key,barra_nebbia,fog_bar,,
key,distintivo,badge,,
key,conteggi,counts,,
key,mostra_viaggi,show_journeys,,
key,mostra_icone,show_icons,,
key,mostra_confini,show_borders,,
key,_vista,_view,,
key,_vista_chiave,_view_key,,
key,_campo_json,_field_json,,
key,_campo_chiave,_field_key,,
key,_acqua_chiave,_water_key,,
key,_acqua_svg,_water_svg,,
key,_fondo,_ground,,
key,_fondo_chiave,_ground_key,,
key,rivendicare,claim,,
key,liberare,clear,,
key,prefisso,prefix,,
key,compagnia,party,,
key,bottone_viaggio,travel_button,,
key,bottone_icone,icons_button,,
key,bottone_acque,water_button,,
key,azioni,actions,,
key,regia,gm_screen,,
key,comune,common,,
key,separati,separate,,
key,etichette,labels,,
key,atomi,atoms,,
key,sosta,halt,,
key,da,from,,
key,extra,extra,,
key,tracce,traces,,
key,riquadro,box,,
key,punto,point,,
key,ingresso,entry,,
key,deciso,decided,,
key,centro,center,,
key,ultimo,last,,
key,pedaggio,toll,,
key,mosso,moved,,
key,maschere,masks,,
key,lati,sides,,
key,lato,side,,
key,lato_a,side_a,,
key,lato_b,side_b,,
key,bloccata,blocked,,
key,attesa,wait,,
key,cammino_a_tappe,path_by_waypoints,,
key,vicini,neighbours,,
key,vic,nb,,
key,unione,union,,
key,titolo,title,,
key,parita,tie,,
key,origine,origin,,
key,incroci,crossings_,,
key,grafo,graph,,
key,dopo,after,,
key,campo,field,,
key,bussola,compass,,
key,battito,heartbeat,,
key,archi,arcs,,
key,cella,cell,,
key,bordo,edge,,
key,costo_totale,total_cost,,
key,sponde,shores,,
key,sponda,shore,,
key,stati,statuses,,
key,tappe_stati,waypoint_statuses,,
key,sezioni,sections,,
key,sezioni_chiave,sections_key,,
key,rete,network,,
key,rete_chiave,network_key,,
key,capi,ends,,
key,vecchio,old,,
key,vuote,empty_ones,,
key,tolti,removed,,
key,contati,counted,,
key,cons,cons,,
key,dur,dur,,
key,mod,mod,,
key,ab,skill,,
key,scheda,tab,,
key,sel,sel,,
key,regione,region,,
key,civica,civic,,
key,fama,fame,,
key,infamia,infamy,,
key,pointy,pointy,,
key,ordine,order,,
key,cibo,food,,
key,legname,lumber,,
key,lusso,luxuries,,
key,minerali,ore,,
key,pietra,stone,,
key,ignora,ignore,,
key,_nota,_note,,
key,_fonte,_source,,
key,_nota_cd,_dc_note,,
key,_note_cd,_dc_note,,
key,_nota_elementi_terreno,_hex_features_note,,
key,_nota_esplorazione,_exploration_note,,
key,_turno_di_regno,_kingdom_turn,,
key,_pausa_dei_leader,_leaders_rest,,
key,_pagina,_page,,
key,url,url,,
key,motivo,reason,,
key,esagoni_visibili,visible_hexes,,
key,isolato,block,,
key,chi,who,,
key,pids,char_ids,,
key,persone,people,,
key,tappe,waypoints,,
key,tappa,waypoint,,
key,cammino,course,,
key,puo_vedere,can_see,,
key,proprietari,owners,,
key,pubblico,public,,
key,viva,live,,
key,scadenza,expiry,,
key,voce,entry,,
key,vecchie,old_ones,,
key,dalla_tabella,from_table,,
key,auto,auto,,
key,q,q,,
key,t,t,,
key,v,v,,
key,p,p,,
key,zoom,zoom,,
key,hex_col,hex_col,,
# --- ids and enum values -----------------------------------------------
enum,amministratore,admin,,
enum,giocatore,player,,
enum,spettatore,spectator,,
enum,sconosciuto,unknown,,
enum,ricognito,reconnoitered,,
enum,liberato,cleared,,
enum,rivendicato,claimed,,
enum,terra,land,,
enum,acqua,water,,
enum,aria,air,,
enum,guado,ford,,
enum,ponte,bridge,,
enum,concluso,completed,,
enum,annullato,cancelled,,
enum,tracciato,traced,,
enum,tavolo,table,,
enum,cultura,culture,,
enum,economia,economy,,
enum,lealta,loyalty,,
enum,stabilita,stability,,
enum,corruzione,corruption,,
enum,crimine,crime,,
enum,decadenza,decay,,
enum,conflitto,strife,,
enum,agricoltura,agriculture,,
enum,arti,arts,,
enum,commercio,trade,,
enum,difesa,defense,,
enum,esplorazione,exploration,,
enum,governare,statecraft,,
enum,guerra,warfare,,
enum,industria,industry,,
enum,ingegneria,engineering,,
enum,intrigo,intrigue,,
enum,magia,magic,,
enum,nautica,boating,,
enum,politica,politics,,
enum,studio,scholarship,,
enum,terre_selvagge,wilderness,,
enum,conquista,conquest,,
enum,espansione,expansion,,
enum,finanziamento,grant,,
enum,libera,open_charter,,
enum,collina_pianura,hill_or_plain,,
enum,foresta_palude,forest_or_swamp,,
enum,lago_fiume,lake_or_river,,
enum,montagna_rovine,mountain_or_ruin,,
enum,dispotismo,despotism,,
enum,feudalesimo,feudalism,,
enum,oligarchia,oligarchy,,
enum,repubblica,republic,,
enum,taumocrazia,thaumocracy,,
enum,governante,ruler,,
enum,consigliere,counselor,,
enum,emissario,emissary,,
enum,generale,general,,
enum,guardiano,warden,,
enum,tesoriere,treasurer,,
enum,vicere,viceroy,,
enum,senza_addestramento,untrained,,
enum,addestrato,trained,,
enum,esperto,expert,,
enum,maestro,master,,
enum,leggendario,legendary,,
enum,villaggio,village,,
enum,paese,town,,
enum,citta,city,,
enum,metropoli,metropolis,,
enum,pianura,plains,,
enum,collina,hills,,
enum,foresta,forest,,
enum,palude,swamp,,
enum,montagna,mountains,,
enum,fiume,river,,
enum,insediamento_indip,freehold,,
enum,punto_riferimento,landmark,,
enum,rifugio,refuge,,
enum,risorsa,resource,,
enum,rovine_elem,ruins_feature,,
enum,fortificazione,fortification,,
enum,trappola,trap,,
enum,evento,event,,
enum,aperto,open,,
enum,difficile,difficult,,
enum,superiore,greater_difficult,,
enum,mappare_area,map_the_area,,
enum,fortificare_accampamento,fortify_camp,,
enum,sopravvivere,subsist,,
enum,primo_punto_riferimento,first_landmark,,
enum,primo_rifugio,first_refuge,,
enum,primo_villaggio,first_village,,
enum,dimensione_10,size_10,,
enum,prima_relazione,first_diplomatic_relation,,
enum,primo_paese,first_town,,
enum,otto_ruoli,all_eight_leaders,,
enum,dimensione_25,size_25,,
enum,primo_accordo,first_trade_agreement,,
enum,prima_citta,first_city,,
enum,dimensione_50,size_50,,
enum,cento_pr,rp_100,,
enum,prima_metropoli,first_metropolis,,
enum,dimensione_100,size_100,,
enum,nuova_direzione,new_leadership,,
enum,riscuotere_tasse,collect_taxes,,
enum,attingere_tesoreria,tap_treasury,,
enum,migliorare_stile_vita,improve_lifestyle,,
enum,commerciare_prodotti,trade_commodities,,
enum,gestire_accordi,manage_trade_agreements,,
enum,acquistare_prodotti,purchase_commodities,,
enum,affari_clandestini,clandestine_business,,
enum,assoldare_avventurieri,hire_adventurers,,
enum,attenzione_assoluta,focused_attention,,
enum,celebrare_festivita,celebrate_holiday,,
enum,creare_capolavoro,create_a_masterpiece,,
enum,fabbricare_oggetti_lusso,craft_luxuries,,
enum,giuramento_fedelta,pledge_of_fealty,,
enum,infiltrarsi,infiltration,,
enum,investimento_capitali,capital_investment,,
enum,inviare_delegato,send_diplomatic_envoy,,
enum,offrire_assistenza,provide_care,,
enum,pronosticare,prognostication,,
enum,reclutare_esercito,recruit_army,,
enum,richiedere_aiuto_estero,request_foreign_aid,,
enum,riparare_reputazione,repair_reputation,,
enum,riposare_rilassarsi,rest_and_relax,,
enum,sedare_malcontento,quell_unrest,,
enum,soluzione_creativa,creative_solution,,
enum,soluzione_sovrannaturale,supernatural_solution,,
enum,stabilire_accordo_commerciale,establish_trade_agreement,,
enum,trasferire_capitale,relocate_capital,,
enum,abbandonare_esagono,abandon_hex,,
enum,andare_a_pesca,go_fishing,,
enum,costruire_strade,build_roads,,
enum,fare_il_raccolto,harvest_crops,,
enum,fortificare_esagono,fortify_hex,,
enum,irrigare,irrigation,,
enum,liberare_esagono,clear_hex,,
enum,radunare_bestiame,gather_livestock,,
enum,rivendicare_esagono,claim_hex,,
enum,stabilire_terreno_agricolo,establish_farmland,,
enum,stabilire_insediamento,establish_settlement,,
enum,stabilire_sito_lavoro,establish_work_site,,
enum,costruire_struttura,build_structure,,
enum,demolire,demolish,,
enum,addestrare_esercito,train_army,,
enum,azzardo_offensivo,offensive_gambit,,
enum,congedare_esercito,disband_army,,
enum,disporre_esercito,deploy_army,,
enum,equipaggiare_esercito,outfit_army,,
enum,guarire_esercito,recover_army,,
enum,presidiare_esercito,garrison_army,,
enum,addestramento_abilita,skill_training,,
enum,assicurazione_regno,kingdom_assurance,,
enum,cavarsela,muddle_through,,
enum,commercio_interno,insider_trading,,
enum,feudi_fortificati,fortified_fiefs,,
enum,governo_collaborativo,cooperative_leadership,,
enum,magia_pratica,practical_magic,,
enum,rimboccarsi_maniche,pull_together,,
enum,schiacciare_dissenso,crush_dissent,,
enum,servizio_civile,civil_service,,
enum,intrattenimento_ispiratore,inspiring_entertainment,,
enum,liquidare_risorse,liquidate_resources,,
enum,recupero_rapido,quick_recovery,,
enum,sopravvivere_anarchia,endure_anarchy,,
enum,libere_eque,free_and_fair,,
enum,qualita_vita,quality_of_life,,
enum,fama_fortuna,fame_and_fortune,,
enum,scegli,choose,,
enum,posiziona,place,,
enum,rivela,reveal,,
enum,nascondi,hide,,
enum,nebbia,fog,,
enum,carta,chart,,
enum,corrente,current,,
enum,bordo,edge,,
enum,pezzo,piece,,
enum,tocca,touch,,
enum,intero,whole,,
enum,girati,turned,,
enum,girato,turned_one,,
enum,nuoto,swim,,
enum,costeggiare,coast_along,,
enum,guada,wade,,
enum,fisso,fixed,,
enum,nessuna,none_,,
enum,alcuni,some,,
enum,al_ritrovo,at_meeting_point,,
enum,mappa,map,,
enum,prova,check,,
enum,risorse,resources,,
enum,account,account,,
enum,info,info,,
enum,possibile,possible,,
enum,pronto,ready,,
enum,tolto,removed_one,,
enum,confine,border,,
enum,colore,color,,
enum,al_buio,in_the_dark,,
enum,controllo,control,,
enum,speciale,special,,
enum,est,east,,
enum,nord,north,,
enum,ovest,west,,
enum,sud,south,,
enum,irraggiungibile,unreachable,,
enum,risoluzione,resolution,,
enum,cursore_viaggio,travel_slider,,
# --- Python names: constants and classes --------------------------------
name,ABILITA,SKILLS,,
name,ACCANTO,BESIDE,,
name,ACQUA,WATER,,
name,ACQUA_APERTA,OPEN_WATER,,
name,ADIACENTI_LOTTO,LOT_NEIGHBOURS,,
name,ALGORITMO,ALGORITHM,,
name,ALTRO,OTHER,,
name,ALTROVE,ELSEWHERE,,
name,AMBIENTE,ENVIRONMENT,,
name,AMMINISTRATORE,ADMIN,,
name,ANNO_PREDEFINITO,DEFAULT_YEAR,,
name,AREA_ESAGONO,HEX_AREA,,
name,ATTESA_DOPO_TENTATIVI,WAIT_AFTER_ATTEMPTS,,
name,AZZERA_REGNO,RESET_KINGDOM,,
name,AcquaAperta,OpenWater,,
name,Ammesso,Allowed,,
name,Archivio,Archive,,
name,Arco,Arc,,
name,BISESTILE,LEAP_YEAR,,
name,BORDO,EDGE,,
name,BYTE_SALE,SALT_BYTES,,
name,CAMPAGNA_PREDEFINITA,DEFAULT_CAMPAIGN,,
name,CAMPIONI,SAMPLES,,
name,CAMPIONI_LATO,SAMPLES_PER_SIDE,,
name,CAMPI_PUBBLICI,PUBLIC_FIELDS,,
name,CAMPI_SEGRETABILI,HIDEABLE_FIELDS,,
name,CAMPO_DELL_ELEMENTO,FIELD_OF_FEATURE,,
name,CARATTERISTICHE,ABILITIES,,
name,CARICA_IMMAGINE,UPLOAD_IMAGE,,
name,CARTELLA,FOLDER,,
name,CARTELLA_MINIATURE,THUMBNAIL_FOLDER,,
name,CARTELLA_PG,CHARACTER_FOLDER,,
name,CARTELLA_VEICOLI,VEHICLE_FOLDER,,
name,CAR_IDS,ABILITY_IDS,,
name,CASA,HOME,,
name,CATEGORIE,CATEGORIES,,
name,CENTRO,CENTER,,
name,CHIAVE_SESSIONE,SESSION_KEY,,
name,CHIAVE_VERO,REAL_KEY,,
name,CHIAVI_MAPPA,MAP_KEYS,,
name,CLASSI_GRADO,GRADE_CLASSES,,
name,COLONNE,COLUMNS,,
name,COLONNE_AGGIUNTE,ADDED_COLUMNS,,
name,COLONNE_BOOL,BOOL_COLUMNS,,
name,COLONNE_ESAGONO,HEX_COLUMNS,,
name,COLONNE_JSON,JSON_COLUMNS,,
name,COLORE_ACQUA,WATER_COLOR,,
name,COLORE_CORRENTE,CURRENT_COLOR,,
name,COLORE_GRUPPO,GROUP_COLOR,,
name,COLORE_LAGO,LAKE_COLOR,,
name,COLORE_PROPOSTA,PROPOSAL_COLOR,,
name,COLORE_PROPOSTA_CELLA,PROPOSAL_CELL_COLOR,,
name,COLORE_RAMO,BRANCH_COLOR,,
name,COLORE_VIAGGIO,TRAVEL_COLOR,,
name,COLORI_GIOCATORE,PLAYER_COLORS,,
name,COLORI_TRATTI,TRAIT_COLORS,,
name,COMPETENZE,PROFICIENCIES,,
name,CONCESSIONI,CHARTERS,,
name,CONFINI,BORDERS,,
name,CORRENTE,CURRENT,,
name,CORRENTE_JS,CURRENT_JS,,
name,COSTO_TERRENO,TERRAIN_COST,,
name,Campo,Field,,
name,Carta,Chart,,
name,Categoria,Category,,
name,Classificatore,Classifier,,
name,DATI,DATA,,
name,DENTRO,INSIDE,,
name,DESCRIZIONI_RUOLO,ROLE_DESCRIPTIONS,,
name,DIAGONALI,DIAGONALS,,
name,DIFFICOLTA,DIFFICULTY,,
name,DIFFICOLTA_GUADO,FORD_DIFFICULTY,,
name,DI_LA,BEYOND,,
name,DI_QUA,THIS_SIDE,,
name,DOVE_VA,WHERE_IT_GOES,,
name,ELEMENTI_TERRENO,HEX_FEATURES,,
name,ESPORTA_SALVATAGGIO,EXPORT_SAVE,,
name,EST,EAST,,
name,ESTENSIONI,EXTENSIONS,,
name,FASI_TURNO,TURN_PHASES,,
name,FATTORE_TRATTO,STRETCH_FACTOR,,
name,FILA,ROW_LINE,,
name,FILE_SEGRETO,SECRET_FILE,,
name,FINESTRA,WINDOW,,
name,FIUME,RIVER,,
name,FORMATO,FORMAT,,
name,FORTE,STRONG,,
name,Faccia,Face,,
name,FintaMappa,FakeMap,,
name,Finto,Fake,,
name,FintoPiano,FakePlan,,
name,FintoRaduno,FakeRendezvous,,
name,FintoRiquadro,FakeBox,,
name,GERARCHIA,HIERARCHY,,
name,GESTISCI_PERSONAGGI,MANAGE_CHARACTERS,,
name,GESTISCI_STALLA,MANAGE_STABLE,,
name,GESTISCI_UTENTI,MANAGE_USERS,,
name,GIOCATORE,PLAYER,,
name,GIORNI_PAUSA_LEADER,LEADER_REST_DAYS,,
name,GIORNO_PREDEFINITO,DEFAULT_DAY,,
name,GIRO,RING,,
name,GIRO_LATI,SIDE_RING,,
name,GIU,DOWN,,
name,GOMMA_JS,ERASER_JS,,
name,GOVERNA_TEMPO,CONTROL_CLOCK,,
name,GOVERNI,GOVERNMENTS,,
name,GRADI,GRADES,,
name,GRADI_LABEL,GRADE_LABELS,,
name,GRUPPI,GROUPS,,
name,ICONE_HEX,HEX_ICONS,,
name,ICONE_SITO_LAVORO,WORK_SITE_ICONS,,
name,ICONE_STRUTTURE,STRUCTURE_ICONS,,
name,IDPG,PC_ID,,
name,INCROCIO,JUNCTION,,
name,INSIEME,TOGETHER,,
name,IN_MEZZO,IN_BETWEEN,,
name,ITERAZIONI,ITERATIONS,,
name,ImmagineRifiutata,ImageRejected,,
name,LAGO,LAKE,,
name,LARGHEZZA_MINIMA,MIN_WIDTH,,
name,LATO_RITRATTO,PORTRAIT_SIDE,,
name,LATO_SEGNALINO,MARKER_SIDE,,
name,MARGINE,MARGIN,,
name,MAX_BYTE_CARTA,MAX_CHART_BYTES,,
name,MAX_BYTE_IMMAGINE,MAX_IMAGE_BYTES,,
name,MAX_BYTE_MAPPA,MAX_MAP_BYTES,,
name,MAX_BYTE_RITRATTO,MAX_PORTRAIT_BYTES,,
name,MAX_CELLE_GRIGLIA,MAX_GRID_CELLS,,
name,MAX_NODI_TRACCIATI,MAX_TRACED_NODES,,
name,MAX_PUNTI_TRACCIA,MAX_TRACE_POINTS,,
name,MAX_TENTATIVI,MAX_ATTEMPTS,,
name,MAX_TENTATIVI_IP,MAX_ATTEMPTS_PER_IP,,
name,MAX_TRATTI_TRACCIA,MAX_TRACE_STRETCHES,,
name,MESE_PREDEFINITO,DEFAULT_MONTH,,
name,MESI,MONTHS,,
name,MESSAGGIO_NEGATO,DENIED_MESSAGE,,
name,MEZZO,VEHICLE,,
name,MEZZO_TRATTO,HALF_STRETCH,,
name,MODI,MODES,,
name,MODIFICA_REGNO,EDIT_KINGDOM,,
name,MODULI,MODULES,,
name,MiddlewareAccesso,AccessMiddleware,,
name,NEBBIA_BORDO,FOG_EDGE,,
name,NEBBIA_GM,FOG_GM,,
name,NEBBIA_MAX,FOG_MAX,,
name,NEBBIA_MIN,FOG_MIN,,
name,NOME_UTENTE_VALIDO,VALID_USERNAME,,
name,NOMI_CONFINE,BORDER_NAMES,,
name,NOMI_DOVE,WHERE_NAMES,,
name,NOMI_RUOLO,ROLE_NAMES,,
name,NOTA_BORDO,EDGE_NOTE,,
name,NOTA_VEICOLO,VEHICLE_NOTE,,
name,NonPermesso,NotAllowed,,
name,OLTRE,BEYOND_EDGE,,
name,ORDINE,ORDER,,
name,ORDINE_COMPETENZE,PROFICIENCY_ORDER,,
name,ORIENTAMENTI,ORIENTATIONS,,
name,OVEST,WEST,,
name,PAGINE_LIBERE,OPEN_PAGES,,
name,PANNELLI_PARTENZA,DEPARTURE_PANELS,,
name,PARTENZA,DEPARTURE,,
name,PEGGIORE,WORST,,
name,PENNELLI,BRUSHES,,
name,PERSONAGGI,CHARACTERS,,
name,PE_MILIARI,MILESTONE_XP,,
name,PIANIFICA_VIAGGIO,PLAN_TRAVEL,,
name,PONTE,BRIDGE,,
name,PREFISSI_LIBERI,OPEN_PREFIXES,,
name,PREFISSO,PREFIX,,
name,PRESA_MINIMA,MIN_GRIP,,
name,PRODOTTI,COMMODITIES,,
name,PRODOTTI_IDS,COMMODITY_IDS,,
name,PROPRIO_PERSONAGGIO,OWN_CHARACTER,,
name,Piano,Plan,,
name,Proposta,Proposal,,
name,QUANTI,HOW_MANY,,
name,QUANTI_LATI,SIDE_COUNT,,
name,QUARTO,QUARTER,,
name,QUARTO_TRATTO,QUARTER_STRETCH,,
name,QUI,HERE,,
name,QUOTA_DEL_TONDO,BADGE_SHARE,,
name,QUOTA_LATO,SIDE_SHARE,,
name,RADICE,ROOT_DIR,,
name,RAGGIO_BARCA,BOAT_RADIUS,,
name,RAGGIO_MINIMO,MIN_RADIUS,,
name,RAGGIO_TONDO,BADGE_RADIUS,,
name,RIDUZIONE,REDUCTION,,
name,RIG,ROW_,,
name,RIGHE,ROWS,,
name,RIMANDI,REFERENCES,,
name,RIMESSE,DEPOTS,,
name,ROVINE,RUINS,,
name,ROVINE_IDS,RUIN_IDS,,
name,RUOLI,ROLES,,
name,RUOLO_MINIMO,MIN_ROLE,,
name,Raduno,Rendezvous,,
name,Resoconto,Report,,
name,Rete,Network,,
name,Richiesta,Request,,
name,Risultato,Result,,
name,SAVE_JSON,SAVE_JSON,,
name,SBAGLIO,MISTAKE,,
name,SCADENZA_TRACCIA,TRACE_EXPIRY,,
name,SCALA_ROTTA,ROUTE_SCALE,,
name,SCHEMA_VERSIONE,SCHEMA_VERSION,,
name,SCORRIMENTO_JS,SCROLL_JS,,
name,SCRITTA,LABEL_TEXT,,
name,SIMBOLI_DOVE,WHERE_SYMBOLS,,
name,SOGLIA_CELLA,CELL_THRESHOLD,,
name,SPETTATORE,SPECTATOR,,
name,STATI_HEX,HEX_STATUSES,,
name,STATO,STATE,,
name,STRADA,ROAD,,
name,SU,UP,,
name,Sponde,Shores,,
name,Stato,State,,
name,TABELLE_CAMPAGNA,CAMPAIGN_TABLES,,
name,TABELLE_RIFATTE,REBUILT_TABLES,,
name,TAGLI,CUTS,,
name,TAGLIATO,CUT,,
name,TERRA,LAND,,
name,TERRENI,TERRAINS,,
name,TERRENI_ACQUA,WATER_TERRAINS,,
name,TERRENI_TERRA,LAND_TERRAINS,,
name,TERRITORI,HEARTLANDS,,
name,TINTE,TINTS,,
name,TIPI_CONFINE,BORDER_KINDS,,
name,TIPI_INSEDIAMENTO,SETTLEMENT_TYPES,,
name,TIPI_INTERNI,INNER_KINDS,,
name,TOCCA,TOUCH,,
name,TRATTO_INTERO,WHOLE_STRETCH,,
name,TROPPE_SPONDE,TOO_MANY_SHORES,,
name,Tappa,Waypoint,,
name,UN_TAGLIO,ONE_CUT,,
name,Utente,User,,
name,VARIABILE_TOKEN,TOKEN_VARIABLE,,
name,VEDI_SEGRETI,SEE_SECRETS,,
name,VEICOLI,VEHICLES,,
name,VELOCITA,SPEED,,
name,VELOCITA_VIAGGIO,TRAVEL_SPEED,,
name,VELO_TERRENI,TERRAIN_VEIL,,
name,VERSIONE,VERSION,,
name,VERTICE,VERTEX,,
name,VIAGGIO,TRAVEL,,
name,VIAGGIO_JS,TRAVEL_JS,,
name,VistaAperta,OpenView,,
name,VistaCieca,BlindView,,
name,VistaMappa,MapView,,
name,VistaTutto,FullView,,
name,_AREA_MINIMA,_MIN_AREA,,
name,_Aggiornatore,_Refresher,,
name,_Attraversamento,_Crossing,,
name,_CACHE_ACQUA,_WATER_CACHE,,
name,_CIFRE,_DIGITS,,
name,_COLORI_UTENTE,_USER_COLORS,,
name,_COSTO_MASSIMO,_MAX_COST,,
name,_DATI,_DATA,,
name,_DOPO_MODIFICA_HEX,_AFTER_HEX_EDIT,,
name,_DOPO_UN_GIORNO,_AFTER_A_DAY,,
name,_FINESTRE,_WINDOWS,,
name,_GLOBALE,_GLOBAL,,
name,_GOMMA,_ERASER,,
name,_GRIGLIA,_GRID,,
name,_MAPPA,_MAP,,
name,_OCCHIO,_EYE,,
name,_ORDINE_VERTICI,_VERTEX_ORDER,,
name,_PELO,_HAIR,,
name,_PENNELLI,_BRUSHES,,
name,_PREFISSO_INS,_SETTLEMENT_PREFIX,,
name,_PROPRIETARI,_OWNERS,,
name,_RE_SEGNATA,_RE_SIGNED,,
name,_SBARRA,_BAR,,
name,_SCHEDE,_TABS,,
name,_SOPRA,_ABOVE,,
name,_SPORCHI,_DIRTY,,
name,_TRACCE,_TRACES,,
name,_UTENTE_ANTEPRIMA,_PREVIEW_USER,,
# --- Python names: functions and variables, A-C ---------------------------
name,_a_bordo_per_acqua,_aboard_by_water,,
name,_accetta_carta,_accept_chart,,
name,_accetta_celle,_accept_cells,,
name,_accetta_confini,_accept_borders,,
name,_accumulo,_accumulation,,
name,_acqua,_water,,
name,_acqua_navigabile,_navigable_water,,
name,_acqua_per_il_browser,_water_for_browser,,
name,_adatta_griglia,_fit_grid,,
name,_add_malcontento,_add_unrest,,
name,_aggiorna,_refresh,,
name,_aggiorna_statistiche,_refresh_stats,,
name,_aggiorna_tutto,_refresh_all,,
name,_aggiungi_colonne_mancanti,_add_missing_columns,,
name,_aggiungi_riga,_add_row,,
name,_aggiungi_segreto,_add_secret,,
name,_alterna_togli_verso,_toggle_remove_direction,,
name,_anello_scelto,_chosen_ring,,
name,_annulla_posizione,_cancel_position,,
name,_annulla_punto_lago,_undo_lake_point,,
name,_annulla_viaggio,_cancel_journey,,
name,_annulla_viaggio_di,_cancel_journey_of,,
name,_applica_immagine,_apply_image,,
name,_applica_malcontento,_apply_unrest,,
name,_applica_righe,_apply_rows,,
name,_applica_rovina,_apply_ruin,,
name,_applica_scelta,_apply_choice,,
name,_applica_viaggio,_apply_journey,,
name,_apri_il_gruppo,_open_group,,
name,_archi,_arcs,,
name,_arco,_arc,,
name,_area_doppia,_double_area,,
name,_arma_sbarco,_arm_landing,,
name,_assicura_campagna,_ensure_campaign,,
name,_assicura_tratte,_ensure_legs,,
name,_attesa_per,_wait_for,,
name,_attivita_di,_activities_of,,
name,_attivita_gruppo,_party_activities,,
name,_attraversamento,_crossing,,
name,_attraversamento_sotto,_crossing_under,,
name,_autrice,_author,,
name,_avanza_tratta,_advance_leg,,
name,_avanza_viaggio,_advance_journey,,
name,_avvisi,_warnings,,
name,_avviso,_warning,,
name,_avviso_capienza,_capacity_warning,,
name,_azioni_hex,_hex_actions,,
name,_azzera_viaggio,_reset_journey,,
name,_barche,_boats,,
name,_barra_progresso,_progress_bar,,
name,_blocco,_block,,
name,_blocco_attraversamenti,_crossings_block,,
name,_blocco_confini,_borders_block,,
name,_blocco_posizione,_position_block,,
name,_blocco_regia,_gm_block,,
name,_blocco_sovrappopolazione,_overcrowding_block,,
name,_blocco_statistiche_regno,_kingdom_stats_block,,
name,_bollino,_dot,,
name,_bussola,_compass,,
name,_calcola_membri_per_esagono,_compute_members_per_hex,,
name,_calcola_rotta,_compute_route,,
name,_calcola_viaggio,_compute_journey,,
name,_cambia_a_bordo,_change_aboard,,
name,_cambia_acque,_change_waters,,
name,_cambia_attivo,_change_active,,
name,_cambia_attraversamento,_change_crossing,,
name,_cambia_confine,_change_border,,
name,_cambia_insieme,_change_together,,
name,_cambia_marcia,_change_march,,
name,_cambia_ruolo,_change_role,,
name,_cammino,_course,,
name,_cammino_alla_sponda,_course_to_shore,,
name,_cammino_valido,_valid_course,,
name,_campi,_fields,,
name,_campo_attivo,_active_field,,
name,_campo_del_righello,_ruler_field,,
name,_cancella_sotto,_erase_under,,
name,_capi,_ends,,
name,_capi_del_ponte,_bridge_ends,,
name,_card_attivita,_activity_card,,
name,_carica_carta,_load_chart,,
name,_carica_immagine,_load_image,,
name,_cartella,_folder,,
name,_categoria,_category,,
name,_catena,_chain,,
name,_catena_di_sponde,_shore_chain,,
name,_cd_attivita,_activity_dc,,
name,_celle_valide,_valid_cells,,
name,_centro_riva_vecchia,_old_bank_center,,
name,_centroide,_centroid,,
name,_chi,_who,,
name,_chiave,_key,,
name,_chiave_ip,_ip_key,,
name,_chiedi_sbarco,_ask_landing,,
name,_chiudi_lago,_close_lake,,
name,_chiusi,_closed,,
name,_collega_esistente,_link_existing,,
name,_comandi_partenza,_departure_controls,,
name,_con_velo,_with_veil,,
name,_conferma_eliminazione,_confirm_deletion,,
name,_conferma_nascondi_tutto,_confirm_hide_all,,
name,_conferma_pulizia,_confirm_cleanup,,
name,_conferma_reimposta,_confirm_reset_map,,
name,_conferma_reset,_confirm_reset,,
name,_conferma_rimozione_citta,_confirm_city_removal,,
name,_conferma_sbarco_in_viaggio,_confirm_landing_while_travelling,,
name,_confini,_borders,,
name,_controlla_cartella,_check_folder,,
name,_controlla_evento,_check_event,,
name,_controlli_nebbia,_fog_controls,,
name,_converti_pr,_convert_rp,,
name,_coppia,_pair,,
name,_corda,_chord,,
name,_corda_bagnata,_wet_chord,,
name,_costi_dentro,_costs_inside,,
name,_costo,_cost,,
name,_costo2,_cost2,,
name,_costo_per,_cost_for,,
name,_costruisci,_build,,
name,_costruisci_rete,_build_network,,
name,_crea_personaggio,_create_character,,
name,_cursore,_slider,,
name,_cursore_densita,_density_slider,,
name,_cursore_gomma,_eraser_slider,,
name,_cursore_per,_slider_for,,
name,_cursore_velo,_veil_slider,,
name,_cursore_zoom,_zoom_slider,,
name,_da_propagare,_to_propagate,,
name,_da_riga,_from_row,,
name,_da_rivelare,_to_reveal,,
name,_da_salvare,_to_save,,
name,_dentro,_inside,,
name,_dentro_al_giro,_inside_ring,,
name,_destinazione_viaggio,_journey_destination,,
name,_dialogo_catalogo,_catalogue_dialog,,
name,_dialogo_cd,_dc_dialog,,
name,_dialogo_costruzione,_construction_dialog,,
name,_dialogo_data,_date_dialog,,
name,_dialogo_effetti,_effects_dialog,,
name,_dialogo_esito,_outcome_dialog,,
name,_dialogo_lotto_occupato,_occupied_lot_dialog,,
name,_dialogo_nebbia,_fog_dialog,,
name,_dialogo_rimando,_reference_dialog,,
name,_dialogo_turno,_turn_dialog,,
name,_dimentica_colore,_forget_color,,
name,_dimentica_correnti,_forget_currents,,
name,_direzione,_direction,,
name,_disco,_disc,,
name,_disegna_griglia,_draw_grid,,
name,_disegno,_drawing,,
name,_disegno_della_strada,_road_drawing,,
name,_distanza,_dist,,
name,_distanza_dal_lato,_dist_from_side,,
name,_distanza_dal_segmento,_dist_from_segment,,
name,_dopo_confini,_after_borders,,
name,_dopo_lago,_after_lake,,
name,_dopo_modifica_ruolo,_after_role_change,,
name,_dopo_nebbia,_after_fog,,
name,_dove,_where,,
name,_dove_non_ci_sta,_where_it_does_not_fit,,
name,_due,_two,,
name,_e_un_mezzo,_is_a_vehicle,,
name,_elenco_attivita,_activity_list,,
name,_elenco_personaggi,_character_list,,
name,_elenco_viaggi_pianificati,_planned_journeys_list,,
name,_elimina_lago,_delete_lake,,
name,_elimina_personaggio,_delete_character,,
name,_elimina_stalla,_delete_stable_entry,,
name,_entra_come,_enter_as,,
name,_equipaggio,_crew,,
name,_esagono,_hexagon,,
name,_esito_carta,_chart_result,,
name,_esito_dialogo,_dialog_result,,
name,_esito_lettura,_reading_result,,
name,_espandi,_expand,,
name,_estremo,_extreme,,
name,_etichetta_hex,_hex_label,,
name,_facce,_faces,,
name,_fermo_all_avvio,_stopped_at_start,,
name,_fiducia,_trust,,
name,_fine_lago,_end_lake,,
name,_finestra,_window,,
name,_finestre_vive,_live_windows,,
name,_finita,_finished,,
name,_finita_la_posa,_placing_done,,
name,_fonda,_found,,
name,_fonte,_source,,
name,_form_nuovo,_new_form,,
name,_fortifica,_fortify,,
name,_giorno,_day,,
name,_giro_del_lago,_lake_ring,,
name,_gomma,_eraser,,
name,_grafo,_graph,,
name,_gruppi_validi,_valid_groups,,
name,_hsv,_hsv,,
name,_icona_elemento,_feature_icon,,
name,_icona_sito_lavoro,_work_site_icon,,
name,_icone_hex,_hex_icons,,
name,_imposta,_set_field,,
name,_imposta_meta,_set_meta,,
name,_imposta_turno,_set_turn,,
name,_in_aggiornamento,_refreshing,,
name,_incroci,_junctions,,
name,_incrocio,_junction,,
name,_incrocio_della_tappa,_waypoint_junction,,
name,_incrocio_sotto,_junction_under,,
name,_insediamento,_settlement,,
name,_intero,_whole,,
name,_interruttore_acque,_water_toggle,,
name,_interruttore_anteprima,_preview_toggle,,
name,_interruttore_icone,_icons_toggle,,
name,_interruttore_viaggio,_travel_toggle,,
name,_la,_the,,
name,_larghezza_testo,_text_width,,
name,_lascia_lago,_leave_lake,,
name,_lati_del_giro,_ring_sides,,
name,_lati_di_bordo,_edge_sides,,
name,_lato_fra_sponde,_side_between_shores,,
name,_leggi_acque,_read_waters,,
name,_libera,_free,,
name,_libero,_is_free,,
name,_lotti_liberi_contigui,_free_contiguous_lots,,
name,_lunghezza_unitaria,_unit_length,,
name,_manda_campo,_send_field,,
name,_manda_fuori,_kick_out,,
name,_manda_rete,_send_network,,
name,_manda_tracce,_send_traces,,
name,_manutenzione,_maintenance,,
name,_membri_per_esagono,_members_per_hex,,
name,_meta_trascinata,_dragged_target,,
name,_metti_da_parte,_stash_tables,,
name,_mezzi_in_gioco,_vehicles_in_play,,
name,_mezzo_del_viaggio,_journey_vehicle,,
name,_mezzo_di,_vehicle_of,,
name,_mia,_mine,,
name,_migliora,_upgrade,,
name,_modifica,_edit,,
name,_modifica_lago,_edit_lake,,
name,_modifica_personaggio,_edit_character,,
name,_modifica_stalla,_edit_stable_entry,,
name,_modificato_hex,_hex_changed,,
name,_mostra_password,_show_password,,
name,_motivo,_reason,,
name,_nebbia_giocatore,_player_fog,,
name,_nodi_da,_nodes_from,,
name,_nodi_per,_nodes_for,,
name,_nodi_validi,_valid_nodes,,
name,_nodo,_node,,
name,_nodo_della_barca,_boat_node,,
name,_nome,_name,,
name,_nome_lago,_lake_name,,
name,_nome_punto,_point_name,,
name,_nome_ruolo,_role_name,,
name,_nomi,_names,,
name,_non_si_approda,_no_landing,,
name,_nuovo_turno,_new_turn,,
name,_ordine,_order,,
name,_ordine_vertici,_vertex_order,,
name,_origine,_origin,,
name,_paga_consumo,_pay_consumption,,
name,_pannello_acque,_water_panel,,
name,_pannello_calibrazione,_calibration_panel,,
name,_pannello_compagnia_mappa,_map_party_panel,,
name,_pannello_hex,_hex_panel,,
name,_pannello_viaggio,_travel_panel,,
name,_partenza_di,_departure_of,,
name,_parti,_parts,,
name,_parti_ognuno_per_se,_parts_each_alone,,
name,_partono_sparsi,_leave_scattered,,
name,_passa_un_giorno,_a_day_passes,,
name,_passeggeri_nel_tondo,_passengers_in_badge,,
name,_passi_d_acqua,_water_steps,,
name,_passo_eventi,_event_step,,
name,_passo_gestione,_upkeep_step,,
name,_pe,_xp,,
name,_peggiore,_worst,,
name,_pennello,_brush,,
name,_pennello_acqua,_water_brush,,
name,_pennello_colore,_color_brush,,
name,_pennello_corrente,_current_brush,,
name,_pennello_gomma,_eraser_brush,,
name,_pennello_lago,_lake_brush,,
name,_perche,_why,,
name,_perche_dove_va,_why_where_it_goes,,
name,_pila,_stack,,
name,_poligono_riva_vecchia,_old_bank_polygon,,
name,_porta_a_bordo,_bring_aboard,,
name,_posa_segnalino,_place_marker,,
name,_posa_veicolo,_place_vehicle,,
name,_posiziona,_place,,
name,_posti,_seats,,
name,_posto_arrivando,_spot_arriving,,
name,_posto_dal_punto,_spot_from_point,,
name,_posto_della_tratta,_leg_spot,,
name,_posto_di,_spot_of,,
name,_posto_entrando,_spot_entering,,
name,_prendi_la_rotta,_take_route,,
name,_prendi_veicolo,_take_vehicle,,
name,_presa,_grip,,
name,_preso,_taken,,
name,_primo_avvio,_first_start,,
name,_priorita,_priority,,
name,_propaga,_propagate,,
name,_prova_semplice,_simple_check,,
name,_prova_semplice_risultato,_simple_check_result,,
name,_province,_provinces,,
name,_pubblica_traccia,_publish_trace,,
name,_pubblico_della_traccia,_trace_audience,,
name,_punti_della_tratta,_leg_points,,
name,_punti_validi,_valid_points,,
name,_punto,_point,,
name,_punto_del_lago,_lake_point,,
name,_punto_interno,_inner_point,,
name,_punto_valido,_valid_point,,
name,_puo_espandere,_can_expand,,
name,_puo_muovere,_can_move,,
name,_puo_pagare,_can_pay,,
name,_puo_risolvere,_can_resolve,,
name,_quali,_which_ones,,
name,_quanto,_how_much,,
name,_quarti,_quarters,,
name,_r_pennello,_brush_r,,
name,_raccogli_siti,_collect_sites,,
name,_racconta_le_sponde,_describe_shores,,
name,_raduno_per,_rendezvous_for,,
name,_rami_valid_forma,_branches_valid_shape,,
name,_rami_validi,_valid_branches,,
name,_registro,_journal,,
name,_rendi_capitale,_make_capital,,
name,_rendi_segreto,_make_secret,,
name,_resto,_rest,,
name,_rete_e_geometria,_network_and_geometry,,
name,_ricognisci,_reconnoiter,,
name,_ricorda_scritto,_remember_written,,
name,_ridisegna,_redraw,,
name,_ridisegna_viaggio,_redraw_travel,,
name,_riempi_raduno,_fill_rendezvous,,
name,_riepilogo,_summary,,
name,_riepilogo_piano,_plan_summary,,
name,_rifai_piano,_redo_plan,,
name,_riga_a_esagono,_row_to_hex,,
name,_riga_equipaggio,_crew_row,,
name,_riga_stalla,_stable_row,,
name,_riga_struttura,_structure_row,,
name,_riga_veicolo,_vehicle_row,,
name,_rigenera_password,_regenerate_password,,
name,_righe_effetti,_effect_rows,,
name,_righello,_ruler,,
name,_rimetti_in_rimessa,_put_back_in_depot,,
name,_rinfresca_acque,_refresh_waters,,
name,_riprendi_lago,_resume_lake,,
name,_riquadro_immagine,_image_box,,
name,_riquadro_laghi,_lakes_box,,
name,_riquadro_occupati,_occupied_box,,
name,_riquadro_raduno,_rendezvous_box,,
name,_riquadro_rotta,_route_box,,
name,_riquadro_singoli,_singles_box,,
name,_riquadro_solo_acqua,_water_only_box,,
name,_riquadro_veicoli,_vehicles_box,,
name,_riquadro_veicoli_mappa_pannello,_map_vehicles_panel_box,,
name,_risali,_climb_back,,
name,_risolvi_viaggio,_resolve_journey,,
name,_ritaglio,_crop,,
name,_ritmo_comune,_common_pace,,
name,_ritmo_gruppo,_party_pace,,
name,_ritratto_mappa,_map_portrait,,
name,_riva,_bank,,
name,_riva_arrivando,_bank_arriving,,
name,_riva_dal_punto,_bank_from_point,,
name,_riva_di,_bank_of,,
name,_riva_tradotta,_translated_bank,,
name,_rive_di,_banks_of,,
name,_rivela,_reveal,,
name,_rivela_esplorati,_reveal_explored,,
name,_rivela_segreto,_reveal_secret,,
name,_rivendica,_claim,,
name,_rotta_per_fiume,_route_by_river,,
name,_rovina_da_malcontento,_ruin_from_unrest,,
name,_sali,_climb,,
name,_sali_a_bordo,_board,,
name,_sali_livello,_level_up,,
name,_salva_segreti,_save_secrets,,
name,_sbarca_qui,_land_here,,
name,_scarica,_download,,
name,_scarica_carta,_download_chart,,
name,_scarta_bersagli_morti,_drop_dead_targets,,
name,_scarta_lettura,_discard_reading,,
name,_scarta_segreto,_discard_secret,,
name,_scavalco,_hop,,
name,_scegli_concessione,_choose_charter,,
name,_scegli_dal_click,_choose_from_click,,
name,_scegli_gov,_choose_government,,
name,_scegli_terr,_choose_heartland,,
name,_scegli_veicolo,_choose_vehicle,,
name,_scegli_viaggiatori,_choose_travellers,,
name,_scegli_viaggio,_choose_journey,,
name,_scendi_dai_mezzi_rimasti,_leave_remaining_vehicles,,
name,_scheda_breve,_short_tab,,
name,_schede_guardate,_watched_tabs,,
name,_scorda_il_piano,_forget_plan,,
name,_scorre,_flows,,
name,_scrivi_esagono,_write_hex,,
name,_scrivi_note_gm,_write_gm_notes,,
name,_segna_campo,_mark_field,,
name,_segna_fallimento,_mark_failure,,
name,_segna_indietro,_mark_back,,
name,_segnalini,_markers,,
name,_segnalino_veicolo,_vehicle_marker,,
name,_segno_dell_attraversamento,_crossing_sign,,
name,_segreti,_secrets,,
name,_senza_acqua,_without_water,,
name,_separati_validi,_valid_separate,,
name,_serve_dichiarare_dove,_must_declare_where,,
name,_set_abil,_set_skill,,
name,_set_agricolo,_set_farmland,,
name,_set_car,_set_ability,,
name,_set_comp,_set_proficiency,,
name,_set_finale,_set_final,,
name,_set_livello,_set_level,,
name,_set_malcontento,_set_unrest,,
name,_set_nome,_set_name,,
name,_set_personaggio,_set_character,,
name,_set_pg,_set_pc,,
name,_set_prodotto,_set_commodity,,
name,_set_rovina,_set_ruin,,
name,_set_ruolo,_set_role,,
name,_set_sito,_set_site,,
name,_set_stato,_set_status,,
name,_set_txt,_set_txt,,
name,_sezione_viaggio,_travel_section,,
name,_sfondo,_background,,
name,_sito_lavoro,_work_site,,
name,_sola_modalita,_single_mode,,
name,_sottotitolo,_subtitle,,
name,_sparpaglio,_scatter,,
name,_spegni,_switch_off,,
name,_spezza_nome,_split_name,,
name,_spezzata,_polyline,,
name,_sponde_di,_shores_of,,
name,_sponde_per_tappa,_shores_per_waypoint,,
name,_sponde_unite,_joined_shores,,
name,_sposta_turno,_move_turn,,
name,_stati,_states,,
name,_strade,_roads,,
name,_strati_di_fondo,_ground_layers,,
name,_sul,_on,,
name,_sul_contorno,_on_outline,,
name,_sul_segmento,_on_segment,,
name,_svg_confini,_svg_borders,,
name,_svg_correnti,_svg_currents,,
name,_svg_cuciture,_svg_seams,,
name,_svg_griglia,_svg_grid,,
name,_svg_laghi,_svg_lakes,,
name,_svg_lago_in_corso,_svg_lake_in_progress,,
name,_svg_percorso,_svg_path,,
name,_svg_ponti_interni,_svg_inner_crossings,,
name,_svg_proposta_acque,_svg_water_proposal,,
name,_svg_rami,_svg_branches,,
name,_svg_rive_e_ponti,_svg_banks_and_crossings,,
name,_svg_rotta,_svg_route,,
name,_svg_segnalini,_svg_markers,,
name,_svg_singoli,_svg_singles,,
name,_svg_veicoli_su,_svg_vehicles_on,,
name,_svg_viaggi_in_corso,_svg_journeys_in_progress,,
name,_tabella_proprietari,_owners_table,,
name,_tabella_strutture,_structures_table,,
name,_tabelle,_tables,,
name,_taglia_esagono,_cut_hex,,
name,_tagliato,_is_cut,,
name,_tappa_per,_waypoint_for,,
name,_targhetta,_tag_label,,
name,_tasto,_button,,
name,_tentativi,_attempts,,
name,_terreno_agricolo,_farmland,,
name,_testo_attivita,_activity_text,,
name,_tipo,_kind,,
name,_tira_risorse,_roll_resources,,
name,_tocca_ritratto,_portrait_click,,
name,_toggle_inv,_toggle_invested,,
name,_toggle_talento,_toggle_feat,,
name,_togli_dal_gruppo,_remove_from_group,,
name,_togli_elemento,_remove_feature,,
name,_togli_immagine,_remove_image,,
name,_togli_tratto,_remove_stretch,,
name,_togli_verso_sotto,_remove_direction_under,,
name,_tondo,_badge,,
name,_tondo_del_gruppo,_group_badge,,
name,_torna_indietro,_go_back,,
name,_torna_te_stesso,_back_to_self,,
name,_traccia_dal_piano,_trace_from_plan,,
name,_traccia_viva,_live_trace,,
name,_tratte_attive,_active_legs,,
name,_tratte_dal_raduno,_legs_from_rendezvous,,
name,_tratti,_stretches,,
name,_tratti_per,_stretches_for,,
name,_tratto,_stretch,,
name,_tratto_del_guado,_ford_stretch,,
name,_tratto_disegnato,_drawn_stretch,,
name,_traversa_del_ponte,_bridge_span,,
name,_trovato,_found,,
name,_tutta_acqua,_all_water,,
name,_ultimo,_last,,
name,_ultimo_amministratore,_last_admin,,
name,_ultimo_salvataggio,_last_save,,
name,_uno,_one,,
name,_veicolo_in_mano,_vehicle_in_hand,,
name,_vel,_spd,,
name,_ver,_ver,,
name,_vero,_real,,
name,_versi,_directions,,
name,_versione,_version,,
name,_versione_registrata,_recorded_version,,
name,_verso,_direction,,
name,_verso_corrente,_current_direction,,
name,_vertice_comune,_common_vertex,,
name,_via_lago,_via_lake,,
name,_viaggi_separati,_separate_journeys,,
name,_viaggiatori,_travellers,,
name,_viaggiatori_di,_travellers_of,,
name,_viaggio,_journey,,
name,_viaggio_bloccato,_journey_blocked,,
name,_viaggio_che_passa,_passing_journey,,
name,_vicino,_near,,
name,_visibile,_visible,,
name,_vista_corrente,_current_view,,
name,_vista_esagono,_hex_view,,
name,_voce,_entry,,
name,_voce_elemento,_feature_entry,,
name,_zittisci,_silence,,
# --- Python names: plain identifiers a-l ---------------------------------
name,a_atomo,to_atom,,
name,a_bordo,aboard,,
name,a_bordo_pg,aboard_pcs,,
name,a_chi,to_whom,,
name,a_dizionario,to_dict,,
name,a_mano,by_hand,,
name,a_monte,upstream_of,,
name,a_nuoto,swimming,,
name,a_piedi,on_foot,,
name,a_piedi_pg,on_foot_pcs,,
name,a_secco,dry,,
name,a_terra,ashore,,
name,abil,skill,,
name,abilita,skills,,
name,abilita_id,skill_id,,
name,abilitato,enabled,,
name,accanto,beside,,
name,accanto_al_carro,beside_wagon,,
name,accedi,log_in,,
name,accendi,switch_on,,
name,accesa,lit,,
name,accese,lit_ones,,
name,accesi,lit_items,,
name,acceso,is_on,,
name,accetta,accept,,
name,acqua,water,,
name,acqua_campagna,campaign_water,,
name,acqua_della_mappa,map_water,,
name,acqua_qui,water_here,,
name,acqua_sul_bordo,water_on_edge,,
name,acque_attive,waters_active,,
name,acquoso,watery,,
name,adesso,now,,
name,adiacente_al_regno,adjacent_to_kingdom,,
name,agg,upd,,
name,aggiorna,refresh,,
name,aggiorna_caselle,refresh_fields,,
name,aggiorna_locali,refresh_locals,,
name,aggiorna_pannelli,refresh_panels,,
name,aggiorna_personaggio,update_character,,
name,aggiorna_ui,refresh_ui,,
name,aggiorna_utente,update_user,,
name,aggiorna_veicolo_stalla,update_stable_vehicle,,
name,aggiorna_viaggio,update_journey,,
name,aggiornato,updated,,
name,aggiungi,add,,
name,aggiungi_modificatore,add_modifier,,
name,aggiungi_prodotto,add_commodity,,
name,aggiungi_taglio,add_cut,,
name,aggiunto,added,,
name,ai_capi,at_ends,,
name,aiuto,help_,,
name,al_buio,in_the_dark,,
name,al_centro,at_center,,
name,al_clic,on_click_,,
name,al_contrario,reversed,,
name,al_ritrovo,at_meeting_point,,
name,al_termine,at_end,,
name,alfa,alpha,,
name,alfabeto,alphabet,,
name,ali,wings,,
name,alla_meta,to_destination,,
name,alla_partenza,at_departure,,
name,alla_rovescia,backwards,,
name,almeno,at_least,,
name,alterna_confini,toggle_borders,,
name,alterna_rotte,toggle_routes,,
name,altezza,height,,
name,alto,top,,
name,altra,other_one,,
name,altre_finestre,other_windows,,
name,altri,others,,
name,altro,other,,
name,altro_verso,other_direction,,
name,altrove,elsewhere,,
name,altrui_pg,others_pcs,,
name,ambiente,environment,,
name,ammessi,allowed,,
name,ammesso,is_allowed,,
name,anche_a_me,also_to_me,,
name,ancora,still,,
name,ancora_della_cella,anchor_of_cell,,
name,ancora_di,anchor_of,,
name,ancora_in_corso,still_in_progress,,
name,ancora_segnalini,anchor_markers,,
name,ancora_t,anchor_t,,
name,andatura,pace,,
name,anelli,rings,,
name,anello,ring,,
name,angoli,corners,,
name,angoli_del_lato,side_corners,,
name,angoli_due,corners_two,,
name,angoli_esagono,hex_corners,,
name,angoli_unitari,unit_corners,,
name,angolo,corner,,
name,angolo_k,corner_k,,
name,anno,year,,
name,anno_bisestile,is_leap_year,,
name,anteprima,preview,,
name,antica,ancient,,
name,ap_guado,ford_cross,,
name,ap_ponte,bridge_cross,,
name,aperti,open_ones,,
name,apertura,opening,,
name,aperture,openings,,
name,aperture_di,openings_of,,
name,applica,apply,,
name,applica_cursore,apply_slider,,
name,applica_effetto,apply_effect,,
name,applica_tema,apply_theme,,
name,applica_zoom,apply_zoom,,
name,approdo,landing_spot,,
name,apri,open_,,
name,arch,arch,,
name,archi,arcs,,
name,archivio,archive,,
name,arco,arc,,
name,arco_fra,arc_between,,
name,arco_uno,arc_one,,
name,argyon,aldric,,
name,armata,army,,
name,arretrati,arrears,,
name,arrivati,arrived,,
name,arrivato,has_arrived,,
name,arrivo,arrival,,
name,arrivo_dove,arrival_pos,,
name,arrivo_su,arrival_on,,
name,asciutti,dry_ones,,
name,asciutto,is_dry,,
name,assegna_miliare,award_milestone,,
name,assegnazioni,assignments,,
name,assenti,absent,,
name,assicura_amministratore,ensure_admin,,
name,assicura_personaggi,ensure_characters,,
name,assicura_visibilita,ensure_visibility,,
name,atomi,atoms,,
name,atomi_delle_sponde,shore_atoms,,
name,atomi_di_bordo,edge_atoms,,
name,atomi_qui,atoms_here,,
name,atomi_toccati,touched_atoms,,
name,atomo,atom,,
name,atomo_del_punto,atom_of_point,,
name,atomo_di,atom_of,,
name,atomo_di_partenza,start_atom,,
name,att,act,,
name,att_id,act_id,,
name,attaccati,attached,,
name,attesa,wait,,
name,attesa_residua,remaining_wait,,
name,attesi,expected,,
name,atteso,is_expected,,
name,atteso_lato,expected_side,,
name,attivi,active_ones,,
name,attivita,activities,,
name,attivita_al_giorno,activities_per_day,,
name,attivita_disponibili,available_activities,,
name,attivita_giorno,day_activities,,
name,attivita_governo_max,max_leadership_activities,,
name,attivita_per_passo,activities_for_step,,
name,attivo,active,,
name,attorno,around,,
name,attraversa,crosses,,
name,attraverso,through,,
name,attuale,current_one,,
name,attuali,current_ones,,
name,autore,author,,
name,autrice,author_,,
name,avanti,forward,,
name,avanza_di_un_giorno,advance_one_day,,
name,avanza_turno,advance_turn,,
name,avanzati,advanced,,
name,avvia,start,,
name,avvicinamenti,approaches,,
name,avvisata,warned,,
name,avvisi,warnings,,
name,avvisi_gruppo,group_warnings,,
name,avviso,warning,,
name,avviso_partenza,departure_warning,,
name,azione,action,,
name,azioni,actions,,
name,azzera,reset,,
name,bagnati,wet,,
name,barca,boat,,
name,barca_dopo,boat_after,,
name,barca_fine,boat_end,,
name,barche,boats,,
name,baricentro,barycenter,,
name,barra,bar,,
name,barra_utente,user_bar,,
name,bers,tgt,,
name,bersagli,targets,,
name,bersaglio,target,,
name,bersaglio_voce,entry_target,,
name,bloccanti,blocking,,
name,bloccata,blocked,,
name,blocco,block,,
name,blocco_abilita,skills_block,,
name,blocco_attivita,activities_block,,
name,blocco_caratteristiche,abilities_block,,
name,blocco_concessione,charter_block,,
name,blocco_esiti,outcomes_block,,
name,blocco_governo,government_block,,
name,blocco_identita,identity_block,,
name,blocco_risorse,resources_block,,
name,blocco_risultato,result_block,,
name,blocco_ruoli,roles_block,,
name,blocco_talenti,feats_block,,
name,blocco_territorio,heartland_block,,
name,bonus_competenza,proficiency_bonus,,
name,bonus_status_ruolo,role_status_bonus,,
name,bordo,edge,,
name,bordo_condiviso,shared_edge,,
name,bottone,button,,
name,bozza,draft,,
name,butta_il_deposito,drop_stash,,
name,byte,nbytes,,
name,calcola_punteggi,compute_scores,,
name,cam,cam,,
name,cambia,change,,
name,cambia_modo,change_mode,,
name,cambia_password,change_password,,
name,cambiati,changed_ones,,
name,cambiato,changed,,
name,camminata,walk,,
name,cammino,course,,
name,cammino_a_tappe,course_by_waypoints,,
name,cammino_alla_sponda,course_to_shore,,
name,cammino_ramo,branch_course,,
name,campagna,campaign,,
name,campagna_esiste,campaign_exists,,
name,campagna_id,campaign_id,,
name,campi,fields,,
name,campi_nascosti,hidden_fields,,
name,campioni,samples,,
name,campioni_acqua,water_samples,,
name,campioni_terra,land_samples,,
name,campiture,fills,,
name,campo,field,,
name,campo3,field3,,
name,campo_acqua,water_field,,
name,campo_asciutto,dry_field,,
name,campo_costi,cost_field,,
name,campo_costi_inverso,inverse_cost_field,,
name,campo_di,field_of,,
name,campo_finto,fake_field,,
name,campo_guado,ford_field,,
name,campo_nome,name_field,,
name,campo_nord,north_field,,
name,campo_pw,pw_field,,
name,campo_qui,field_here,,
name,campo_rotta,route_field,,
name,campo_sud,south_field,,
name,campo_viaggio,travel_field,,
name,candidati,candidates,,
name,candidato,candidate,,
name,candidato_punteggio,candidate_score,,
name,canonico,canonical,,
name,cap_prima,cap_before,,
name,capacita,capabilities,,
name,capi,ends,,
name,capi_tre,ends_three,,
name,capi_verso,ends_direction,,
name,capitale,capital,,
name,capo,end_,,
name,capo_a,end_a,,
name,capo_b,end_b,,
name,capo_del_nodo,node_end,,
name,car,ability,,
name,carica,load,,
name,carro,wagon,,
name,carro_di_la,wagon_beyond,,
name,carta,chart,,
name,cartella,folder,,
name,casa,home,,
name,caselle,fields_,,
name,casi,cases,,
name,catalogo,catalogue,,
name,categoria,category,,
name,categoria_corrente,current_category,,
name,categoria_ignota,unknown_category,,
name,categoria_terreno,terrain_category,,
name,categorie,categories,,
name,catena,chain,,
name,cd_controllo,control_dc,,
name,cd_default,default_dc,,
name,cella,cell,,
name,celle,cells,,
name,celle_asciutte,dry_cells,,
name,celle_campo,field_cells,,
name,celle_dei_laghi,lake_cells,,
name,celle_nel_poligono,cells_in_polygon,,
name,centri,centers,,
name,centro,center,,
name,centro_altrove,center_elsewhere,,
name,centro_da,center_from,,
name,centro_riva,bank_center,,
name,cercate,sought,,
name,chi,who,,
name,chi_accanto,who_beside,,
name,chi_di_la,who_beyond,,
name,chi_di_qua,who_this_side,,
name,chiamate,calls,,
name,chiave,key,,
name,chiave_acqua,water_key,,
name,chiave_centro,center_key,,
name,chiave_confine,border_key,,
name,chiave_fondo,ground_key,,
name,chiave_incrocio,junction_key,,
name,chiave_ip,ip_key,,
name,chiave_sponda,shore_key,,
name,chiave_testo,text_key,,
name,chiave_vertice,vertex_key,,
name,chiave_voce,entry_key,,
name,chiesto,requested,,
name,chiudi,close,,
name,chiusa,closed_one,,
name,chiusi,closed,,
name,chiusi_dai_tratti,closed_by_stretches,,
name,chiusi_t,closed_t,,
name,chiuso,is_closed,,
name,cifre,digits,,
name,classe,cls_,,
name,clic,click,,
name,clic_mezzo,vehicle_click,,
name,clic_persona,person_click,,
name,clic_vertice,vertex_click,,
name,clicca_faccia,click_face,,
name,cliccato,clicked,,
name,cliente,client_,,
name,coda,queue,,
name,col_a,col_a,,
name,col_carro,wagon_col,,
name,col_centro,center_col,,
name,col_guado,ford_col,,
name,col_ponte,bridge_col,,
name,col_ramo,branch_col,,
name,collega,link,,
name,collega_insediamento,link_settlement,,
name,collina,hills,,
name,colonna,column,,
name,colonne,columns,,
name,colore,color,,
name,colore_giocatore,player_color,,
name,colore_valido,valid_color,,
name,colori,colors,,
name,comanda,commands,,
name,combinazione,combination,,
name,come,how,,
name,come_il_righello,like_the_ruler,,
name,come_jpeg,as_jpeg,,
name,comp,prof,,
name,compagnia_mappa,map_party,,
name,compatto,compact,,
name,competenza,proficiency,,
name,componi,compose,,
name,componi_velocita,compose_speed,,
name,comune,common,,
name,comune_tagliata,common_cut,,
name,comune_tracciata,common_traced,,
name,comuni,common_ones,,
name,con,with_,,
name,con_cursore,with_slider,,
name,con_effetti,with_effects,,
name,con_gente,with_people,,
name,con_giro,with_ring,,
name,con_guado,with_ford,,
name,con_mezzo_tratto,with_half_stretch,,
name,con_ponte,with_bridge,,
name,con_prefisso,with_prefix,,
name,con_prova,with_check,,
name,con_rami,with_branches,,
name,con_token,with_token,,
name,conc,chart_,,
name,condizione,condition,,
name,conf,cfg,,
name,conferma,confirm,,
name,confine,border,,
name,confini,borders,,
name,confini_campagna,campaign_borders,,
name,confini_ora,borders_now,,
name,congelati,frozen,,
name,conosciute,known_ones,,
name,conosciuti,known,,
name,consumo,consumption,,
name,conta,count,,
name,conta_admin_attivi,count_active_admins,,
name,conta_utenti,count_users,,
name,conta_visibili,count_visible,,
name,contatore,counter,,
name,conteggi,counts,,
name,conteggio,tally,,
name,contenuto,content_,,
name,conto,tally_,,
name,conto_a_atomi,atom_count,,
name,contorno,outline,,
name,controlla_miliari_dimensione,check_size_milestones,,
name,convertite,converted,,
name,coordinate,coords,,
name,coordinate_tappe,waypoint_coords,,
name,coperti,covered,,
name,copia,copy_,,
name,coppia,pair,,
name,coppie,pairs,,
name,coprenza,coverage,,
name,corda,chord,,
name,corde,chords,,
name,corpo,body,,
name,corrente,current,,
name,correnti,currents,,
name,correnti_campagna,campaign_currents,,
name,corsa,run_,,
name,corto,short,,
name,cosa,what,,
name,costi,costs,,
name,costi_delle_tappe,waypoint_costs,,
name,costi_dentro,costs_inside,,
name,costi_di,costs_of,,
name,costi_nodi,node_costs,,
name,costi_sponde,shore_costs,,
name,costi_t,costs_t,,
name,costi_tappe,waypoint_costs_,,
name,costo,cost,,
name,costo_a_piedi,cost_on_foot,,
name,costo_barca,boat_cost,,
name,costo_campo,field_cost,,
name,costo_cella,cell_cost,,
name,costo_confine,border_cost,,
name,costo_corrente,current_cost,,
name,costo_dentro,cost_inside,,
name,costo_di,cost_of,,
name,costo_ignoto,unknown_cost,,
name,costo_incerto,uncertain_cost,,
name,costo_interno,inner_cost,,
name,costo_partenza,departure_cost,,
name,costo_passo,step_cost,,
name,costo_qui,cost_here,,
name,costo_ricognizione,reconnaissance_cost,,
name,costo_terreno_sconnesso,disconnected_terrain_cost,,
name,costo_totale,total_cost,,
name,costo_tratto,stretch_cost,,
name,costo_viaggiare,travel_cost,,
name,costr,constr,,
name,costruisci,build,,
name,crea,create,,
name,crea_personaggio,create_character,,
name,crea_utente,create_user,,
name,crea_veicolo_stalla,create_stable_vehicle,,
name,crea_viaggio,create_journey,,
name,creata_il,created_at,,
name,creati,created_ones,,
name,ctrl_premuto,ctrl_pressed,,
name,cursore,slider,,
name,cursori,sliders,,
name,da,from_,,
name,da_acqua,from_water,,
name,da_altra,from_other,,
name,da_atomo,from_atom,,
name,da_creare,to_create,,
name,da_dizionario,from_dict,,
name,da_dove,from_where,,
name,da_fare,to_do,,
name,da_gm,by_gm,,
name,da_qua,from_here,,
name,da_soli,alone_ones,,
name,da_solo,alone,,
name,da_una,from_one,,
name,da_versione,from_version,,
name,dado,die,,
name,dado_risorsa,resource_die,,
name,dal_browser,from_browser,,
name,dal_catalogo,from_catalogue,,
name,dal_piano,from_plan,,
name,dal_tavolo,from_table,,
name,dall_ambiente,from_environment,,
name,dalla_maschera,from_mask,,
name,dalla_sponda,from_shore,,
name,dallaltra,from_other_side,,
name,data_corrente,current_date,,
name,data_piu_giorni,date_plus_days,,
name,dati,data,,
name,dati_gm,gm_data,,
name,dato,datum,,
name,dcol,dcol,,
name,decoratore,decorator,,
name,definizione,definition,,
name,demolisci,demolish,,
name,dentro,inside,,
name,dentro_a,inside_of,,
name,dentro_aggiorna,inner_refresh,,
name,dentro_al_poligono,inside_polygon,,
name,dentro_al_suo,inside_its_own,,
name,dentro_attesi,inner_expected,,
name,dentro_chiudi,inner_close,,
name,dentro_chiusa,inner_closed,,
name,dentro_costo,inner_cost,,
name,dentro_esagono,inside_hex,,
name,dentro_fila,inner_row,,
name,dentro_l_esagono,inside_the_hex,,
name,dentro_la_mappa,inside_map,,
name,dentro_lago,inside_lake,,
name,dentro_profondo,deep_inside,,
name,dentro_proponi,inner_propose,,
name,dentro_qui,inside_here,,
name,dentro_retta,inner_straight,,
name,dentro_scrivi,inner_write,,
name,dentro_tipo,inner_kind,,
name,dentro_tocca,inner_touch,,
name,dentro_traccia,inner_trace,,
name,dentro_verso,inner_direction,,
name,dentro_visti,inner_seen,,
name,deposito,stash,,
name,destinatari,recipients,,
name,destinatario,recipient,,
name,destinazione,destination,,
name,destra,right_,,
name,detta,told,,
name,dettagli,details,,
name,dettaglio,detail,,
name,dettaglio_abilita,skill_detail,,
name,dettaglio_lotti,lot_detail,,
name,dette,told_ones,,
name,deve_cambiare_pw,must_change_pw,,
name,di_chi,whose,,
name,di_gruppo,of_group,,
name,di_la,beyond,,
name,di_nuovo,again,,
name,di_prima,of_before,,
name,di_prov,of_test,,
name,di_qua,this_side,,
name,diagonali,diagonals,,
name,dialogo,dialog,,
name,dialogo_cambio_password,change_password_dialog,,
name,dialogo_personaggi,characters_dialog,,
name,dialogo_personaggio,character_dialog,,
name,dialogo_utenti,users_dialog,,
name,dice,says,,
name,dietro,behind,,
name,difficolta,difficulty,,
name,difficolta_campagna,campaign_difficulty,,
name,difficolta_gm,gm_difficulty,,
name,dimensione,size_,,
name,dimensioni,sizes,,
name,diretto,direct,,
name,direzione,direction,,
name,direzioni,directions,,
name,diritto,straight_on,,
name,discesa_impedita,descent_blocked,,
name,disegna,draw,,
name,disegnata,drawn_one,,
name,disegnati,drawn_ones,,
name,disegnato,drawn,,
name,disegnato_barca,drawn_boat,,
name,disegni,drawings,,
name,disegno,drawing,,
name,disponibile,available,,
name,disponibili,available_ones,,
name,distanza,dist,,
name,distanze,dists,,
name,distinti,distinct,,
name,distintivo,badge_,,
name,diversi,different,,
name,doc,doc,,
name,documento,document,,
name,documento_cambiato,document_changed,,
name,dopo,after,,
name,dopo_facce,after_faces,,
name,dopo_nicegui,after_nicegui,,
name,dopo_pixel,after_pixel,,
name,dopo_sponde,after_shores,,
name,doppi,doubles,,
name,doppia,double_,,
name,doppia_area,double_area,,
name,dov_e,where_is,,
name,dov_era,where_was,,
name,dove,where,,
name,dove_barca,where_boat,,
name,dove_barche,where_boats,,
name,dove_cade,where_it_falls,,
name,dove_mezzo,where_vehicle,,
name,dove_sono,where_they_are,,
name,dove_sta,where_it_is,,
name,dove_v,where_v,,
name,driga,drow,,
name,dritta,straight_one,,
name,dritte,straight_ones,,
name,dritto,straight,,
name,due,two,,
name,due_,two_,,
name,due_l,two_l,,
name,due_voci,two_entries,,
name,due_volte,twice,,
name,durata,duration,,
name,e_ctrl,is_ctrl,,
name,economica,economical,,
name,effetti,effects,,
name,effetti_struttura,structure_effects,,
name,elementi_nascosti,hidden_features,,
name,elemento,feature,,
name,elenco,listing,,
name,elenco_personaggi,list_characters,,
name,elenco_pg,pc_list,,
name,elenco_stalla,list_stable,,
name,elenco_trasporti,list_transports,,
name,elenco_utenti,list_users,,
name,elenco_viaggi,list_journeys,,
name,elimina,delete,,
name,elimina_personaggio,delete_character,,
name,elimina_utente,delete_user,,
name,elimina_veicolo_stalla,delete_stable_vehicle,,
name,enorme,huge,,
name,entra,enters,,
name,entrata,entry_,,
name,entrata_qui,entry_here,,
name,equipaggio,crew,,
name,errore,error,,
name,esagoni,hexes,,
name,esagoni_del_nodo,node_hexes,,
name,esagoni_di,hexes_of,,
name,esagoni_influenzati,influenced_hexes,,
name,esagoni_rivendicati,claimed_hexes,,
name,esagoni_visibili,visible_hexes,,
name,esagono,hexagon,var,
name,esagono_33,hexagon_33,,
name,esagono_in_corso,hexagon_in_progress,,
name,esaminati,examined,,
name,esatto,exact,,
name,esaurite,exhausted,,
name,esce,exits,,
name,esce_da,exits_from,,
name,esci,log_out,,
name,escludi,exclude,,
name,esclusi,excluded,,
name,escluso,excluded_one,,
name,esegui_attivita,run_activity,,
name,eserciti,armies,,
name,esigi,require,,
name,esistente,existing,,
name,esistenti,existing_ones,,
name,esiti,results,,
name,esiti_extra,extra_results,,
name,esito,outcome,,
name,esplorati,explored,,
name,esporta,export,,
name,est,east,,
name,estensione,extension,,
name,estremi,extremes,,
name,estremo,extreme,,
name,ests,easts,,
name,eti,lbl,,
name,etichetta,label,,
name,etichetta_voce,entry_label,,
name,etichette,labels,,
name,evento,event,,
name,extra_lati,extra_sides,,
name,facce,faces,,
name,facce_carta,chart_faces,,
name,facce_casa,home_faces,,
name,facce_che_toccano,touching_faces,,
name,facce_clic,click_faces,,
name,facce_coord,coord_faces,,
name,facce_del_confine,border_faces,,
name,facce_di,faces_of,,
name,facce_due,faces_two,,
name,facce_qui,faces_here,,
name,facce_terra,land_faces,,
name,faccia,face,,
name,faccia_del_punto,face_of_point,,
name,fama_su_critico,fame_on_critical,,
name,fase,phase,,
name,fatti,done_ones,,
name,fatto,done,,
name,fattore,factor,,
name,fattorie,farms,,
name,ferma,stop,,
name,fermato,stopped,,
name,fermi,still_ones,,
name,fessura,gap,,
name,figura_atomi_giro,figure_atoms_ring,,
name,figura_atomi_punto,figure_atoms_point,,
name,figura_grafo,figure_graph,,
name,figura_limiti,figure_limits,,
name,figura_numerazione,figure_numbering,,
name,figura_ponte,figure_bridge,,
name,figura_punto,figure_point,,
name,figura_sezioni,figure_sections,,
name,figura_tre_acque,figure_three_waters,,
name,filtro,filter_,,
name,finale,final,,
name,fine,end,,
name,fine_mese,month_end,,
name,fine_x,end_x,,
name,fine_y,end_y,,
name,finestra,window,,
name,finestra_corrente,current_window,,
name,finestre,windows,,
name,finiti,finished_ones,,
name,finta,fake_one,,
name,finta_richiesta,fake_request,,
name,finte,fake_ones,,
name,finti,fakes,,
name,finto,fake,,
name,fiume,river,,
name,fiume_su_fila,river_on_row,,
name,fondo,ground,,
name,fondo_1,ground_1,,
name,fonte,source,,
name,fonte_bordo,edge_source,,
name,fonte_gruppo,group_source,,
name,fonte_velocita,speed_source,,
name,forma,shape,,
name,formato_attivita,activity_format,,
name,formato_metri,format_metres,,
name,forzata,forced,,
name,forzato,is_forced,,
name,fra,between,,
name,fra_lati,between_sides,,
name,frecce,arrows,,
name,freccia,arrow,,
name,fresco,fresh,,
name,frontiera,frontier,,
name,fuori,outside,,
name,fuori_confini,outside_borders,,
name,fuori_correnti,outside_currents,,
name,fuori_dal_proprio,outside_own,,
name,fuori_immagine,outside_image,,
name,fuori_ponti,outside_crossings,,
name,fuori_rive,outside_banks,,
name,fusa,merged,,
name,futura,future,,
name,galba,brenna,,
name,genere,gender,,
name,gente,people,,
name,gia_addestrate,already_trained,,
name,gia_detto,already_said,,
name,gia_gruppo,already_group,,
name,giocatore,player,,
name,giocatori,players,,
name,giorni,days,,
name,giorni_del_mese,days_in_month,,
name,giorni_forzati,forced_days,,
name,giorni_fra,days_between,,
name,giorni_mancanti,days_missing,,
name,giorni_marcia,march_days,,
name,giorni_marcia_sostenibili,sustainable_march_days,,
name,giorni_rimasti_nel_mese,days_left_in_month,,
name,giorni_totali,total_days,,
name,giorni_unione,union_days,,
name,giorni_uniti,joined_days,,
name,giorno,day,,
name,girati,turned,,
name,giri,rings,,
name,giri_qui,rings_here,,
name,giri_sul_cammino,rings_on_course,,
name,giro,ring,,
name,giu,down,,
name,giudice,judge,,
name,glifi,glyphs,,
name,gm_utente,gm_user,,
name,gov,gov,,
name,gradi,grades,,
name,grado,grade,,
name,grado_successo,success_grade,,
name,grafo,graph,,
name,grezza,raw_one,,
name,grezzi,raw_ones,,
name,grezzo,raw,,
name,griglia,grid,,
name,griglia_completa,full_grid,,
name,griglia_vuota,empty_grid,,
name,gruppi,groups,,
name,gruppi_acqua,water_groups,,
name,gruppi_due,groups_two,,
name,gruppo,group,,
name,guadagni,gains,,
name,guadagno,gain,,
name,guadi,fords,,
name,guadi_interni,inner_fords,,
name,guado,ford,,
name,guado_disegnato,drawn_ford,,
name,guado_qui,ford_here,,
name,guardate,watched,,
name,guasti,broken,,
name,ha_tratto,has_stretch,,
name,hex_esistente,existing_hex,,
name,hex_per,hex_for,,
name,hex_riga,hex_row,,
name,icona,icon,,
name,icona_el,feature_icon,,
name,id_in_sessione,id_in_session,,
name,id_vero,real_id,,
name,ignota,is_unknown,,
name,ignoti,unknowns,,
name,ignoto,unknown_,,
name,immagine,image,,
name,immagini_disponibili,available_images,,
name,impalcato,deck,,
name,impasta,blend,,
name,impersonatore,impersonator,,
name,importa_json,import_json,,
name,imposta,set_,,
name,imposta_confine,set_border,,
name,imposta_correnti,set_currents,,
name,imposta_lago,set_lake,,
name,imposta_ponte,set_crossing,,
name,imposta_prefisso,set_prefix,,
name,imposta_rive,set_banks,,
name,imposta_utente,set_user,,
name,imposta_velocita,set_speed,,
name,imposto,is_set,,
name,imposto_altra,set_other,,
name,in_anarchia,in_anarchy,,
name,in_attesa,waiting,,
name,in_avanti,forwards,,
name,in_barca,by_boat,,
name,in_cammino,en_route,,
name,in_casa,at_home,,
name,in_corso,in_progress,,
name,in_fila,in_row,,
name,in_lago,in_lake,,
name,in_macerie,to_rubble,,
name,in_mano,in_hand,,
name,in_mezzo,in_between,,
name,in_pixel,in_pixels,,
name,in_viaggio,travelling,,
name,incerta,is_uncertain,,
name,incerte,uncertain,,
name,incidenti,incident,,
name,incroci,junctions,,
name,incroci_interni,inner_junctions,,
name,incrociato,crossed,,
name,incrocio,junction,,
name,indice,index,,
name,indici,indices,,
name,indietro,back,,
name,indirizzo,address,,
name,indossa,wear,,
name,indossato,worn,,
name,influenzati,influenced,,
name,ingresso,entrance,,
name,iniziale,initial,,
name,iniziali,initials,,
name,inizio,start_,,
name,inizio_comune,common_start,,
name,inizio_suo,own_start,,
name,inizio_t,start_t,,
name,inoltrato,forwarded,,
name,ins,sett,,
name,ins_tot,sett_tot,,
name,insediamenti_sovrappopolati,overcrowded_settlements,,
name,insediamento,settlement,,
name,insieme,together,,
name,insiemi,sets,,
name,interi,whole_ones,,
name,interlinea,line_height,,
name,interni,inner,,
name,interni_sul_cammino,inner_on_course,,
name,interno,inner_one,,
name,intero,whole,,
name,intestazione,header,,
name,intorno,around_,,
name,io_stessa,myself,,
name,ip_del_client,client_ip,,
name,irraggiungibili,unreachable,,
name,isola,island,,
name,isolati_adiacenti,adjacent_blocks,,
name,isolati_usati,used_blocks,,
name,isolato,block_,,
name,isole,islands,,
name,istogramma,histogram,,
name,iterazioni,iterations,,
name,laghi,lakes,,
name,laghi_campagna,campaign_lakes,,
name,lago,lake,,
name,lago_id,lake_id,,
name,lancia,run_file,,
name,larghezza,width,,
name,larghezza_di,width_of,,
name,larghezza_max,max_width,,
name,larghezza_nome,name_width,,
name,larghezza_vera,real_width,,
name,largo,wide,,
name,lati,sides,,
name,lati_di,sides_of,,
name,lati_interni,inner_sides,,
name,lati_nord,north_sides,,
name,lati_sud,south_sides,,
name,lato,side,,
name,lato_a,side_a,,
name,lato_al_centro,side_to_center,,
name,lato_b,side_b,,
name,lato_condiviso,shared_side,,
name,lato_d_ingresso,entry_side,,
name,lato_del_punto,side_of_point,,
name,lato_dritto,straight_side,,
name,lato_fra_vertici,side_between_vertices,,
name,lato_interno_sotto,inner_side_under,,
name,lato_piu_vicino,nearest_side,,
name,layron,corin,,
name,leader_pg,leader_pc,,
name,leggi,read,,
name,leggi_meta,read_meta,,
name,lento,slow,,
name,letti,read_ones,,
name,libera,free,,
name,libere,free_ones,,
name,liberi,free_items,,
name,libero,is_free,,
name,limite,limit,,
name,limite_passo,step_limit,,
name,linea,line,,
name,lista,items,,
name,liv,lvl,,
name,livello,level,,
name,livello_insediamento,settlement_level,,
name,livello_ok,level_ok,,
name,livello_prima,level_before,,
name,livello_regno,kingdom_level,,
name,lontane,far_ones,,
name,lontano,far,,
name,lotti,lots,,
name,lotto,lot,,
name,lunghe,long_ones,,
name,lunghezza,length,,
name,lunghezza_raw,raw_length,,
name,lungo,along,,
# --- Python names: plain identifiers m-z ---------------------------------
name,m_qui,m_here,,
name,magazzino,storage,,
name,magre,lean,,
name,malcontento,unrest,,
name,manca,missing,,
name,mancano,missing_ones,,
name,mancanti,missing_items,,
name,mandato,sent,,
name,mappa,mapping,var,
name,mappa_dati,map_data,,
name,mappa_esempio,example_map,,
name,marca_da_salvare,mark_dirty,,
name,marcatore,marker_,,
name,marchio,mark,,
name,marcia,march,,
name,marcia_forzata,forced_march,,
name,margine,margin,,
name,maschera,mask,,
name,massima,maximum,,
name,massimo,max_,,
name,max_fama,max_fame,,
name,membri,members,,
name,membri_terra,land_members,,
name,meno,less,,
name,mese,month,,
name,meta,destination,,
name,meta_due,destination_two,,
name,meta_uno,destination_one,,
name,mete,destinations,,
name,metri,metres,,
name,metti_ponti,put_crossings,,
name,mezzi,vehicles,,
name,mezzo,vehicle,,
name,mezzo_id,vehicle_id,,
name,mezzo_qui,vehicle_here,,
name,mia,mine,,
name,mia_a_terra,mine_ashore,,
name,mia_b,mine_b,,
name,mia_m,mine_m,,
name,mia_t,mine_t,,
name,mie,my_ones,,
name,miei,my_items,,
name,miei_a_bordo,my_aboard,,
name,migliore,best,,
name,migliori,best_ones,,
name,miniatura,thumbnail,,
name,minima,minimum,,
name,minimo,min_,,
name,mio,own,,
name,mio_id,my_id,,
name,mista,mixed,,
name,misura,measure,,
name,misure,measures,,
name,mod_abilita,skill_mod,,
name,mod_car,ability_mod,,
name,mod_caratteristica,ability_modifier,,
name,mod_costituzione,con_mod,,
name,modello,model,,
name,modello_ruoli,roles_model,,
name,modifica_malcontento,modify_unrest,,
name,modifica_rovina,modify_ruin,,
name,modificatore,modifier,,
name,modificatore_totale,total_modifier,,
name,modificatori_attivi,active_modifiers,,
name,modificatori_validi,valid_modifiers,,
name,modo,mode,,
name,modo_di,mode_of,,
name,modo_guado,ford_mode,,
name,modo_nuoto,swim_mode,,
name,modo_piedi,foot_mode,,
name,modulo,module,,
name,molti,many,,
name,monte,upstream,,
name,mossi,moved_ones,,
name,mostra,show,,
name,mostra_facce,show_faces,,
name,mostra_risultato,show_result,,
name,mostrati,shown,,
name,motivi,reasons,,
name,motivo,reason,,
name,muovi_personaggi,move_characters,,
name,murati_prima,walled_before,,
name,muro,wall,,
name,n_inv,n_inv,,
name,n_sovra,n_over,,
name,nascondi,hide,,
name,nascosti,hidden,,
name,naturale,natural,,
name,naviga,sail,,
name,naviga_il_gruppo,party_sails,,
name,nel_lago,in_the_lake,,
name,nell_immagine,in_the_image,,
name,nella,in_the,,
name,nella_mappa,in_the_map,,
name,niente_sponde,no_shores,,
name,nodi,nodes,,
name,nodi_dell_esagono,hex_nodes,,
name,nodi_mano,hand_nodes,,
name,nodi_resto,rest_nodes,,
name,nodi_senza,nodes_without,,
name,nodi_sul_cammino,nodes_on_course,,
name,nodi_tracciati,traced_nodes,,
name,nodo,node,,
name,nodo0,node0,,
name,nodo_a,node_a,,
name,nodo_angolo,corner_node,,
name,nodo_arrivo,arrival_node,,
name,nodo_b,node_b,,
name,nodo_centro,center_node,,
name,nodo_da,node_from,,
name,nodo_da_testo,node_from_text,,
name,nodo_del_punto_unitario,node_of_unit_point,,
name,nodo_del_veicolo,vehicle_node,,
name,nodo_di,node_of,,
name,nodo_dopo,node_after,,
name,nodo_l,node_l,,
name,nodo_migliore,best_node,,
name,nodo_partenza,departure_node,,
name,nodo_piu_vicino,nearest_node,,
name,nome,name,,
name,nome_account,account_name,,
name,nome_categoria,category_name,,
name,nome_confine,border_name,,
name,nome_file,file_name,,
name,nome_file_sicuro,safe_file_name,,
name,nome_finale,final_name,,
name,nome_lotto,lot_name,,
name,nome_mese,month_name,,
name,nome_mezzo,vehicle_name,,
name,nome_pannello,panel_name,,
name,nome_rov,ruin_name,,
name,nome_ruolo,role_name,,
name,nome_struttura,structure_name,,
name,nome_terreno,terrain_name,,
name,nome_tratto,stretch_name,,
name,nome_unico,unique_name,,
name,nome_utente,username,,
name,nome_veicolo,vehicle_name_,,
name,nome_vertice,vertex_name,,
name,nomi,names,,
name,nord,north,,
name,normalizza,normalize,,
name,nota,note,,
name,nota_cd,dc_note,,
name,noti,known_items,,
name,notifica,notify,,
name,numeri,numbers,,
name,numero,number,,
name,numero_dadi_risorsa,resource_dice_count,,
name,nuota,swims,,
name,nuota_il_gruppo,party_swims,,
name,nuota_il_modo,swim_the_mode,,
name,nuotatore,swimmer,,
name,nuoto,swim,,
name,nuova,new_one,,
name,nuova_barca,new_boat,,
name,nuove,new_ones,,
name,nuovi,new_items,,
name,nuovo,new,,
name,nuovo_insediamento,new_settlement,,
name,nuovo_mezzo,new_vehicle,,
name,nuovo_nome,new_name,,
name,nuovo_regno,new_kingdom,,
name,nuovo_ruolo,new_role,,
name,nuovo_sale,new_salt,,
name,obbligatorio,mandatory,,
name,occupante,occupant,,
name,occupati,occupied,,
name,oggi,today,,
name,ok_lati,ok_sides,,
name,oltre,beyond_,,
name,ombra,shadow,,
name,opacita,opacity,,
name,opzioni,options,,
name,opzioni_libero_concessione,free_charter_options,,
name,opzioni_libero_governo,free_government_options,,
name,ora,hour,,
name,ordinati,sorted_ones,,
name,ordine,order,,
name,ordine_vertici,vertex_order,,
name,ore,hours,,
name,orfane,orphans,,
name,orient_qui,orient_here,,
name,orientamento,orientation_,,
name,origine,origin_,,
name,origine_,origin__,,
name,origini,origins,,
name,ottenuto,obtained,,
name,padre,parent_,,
name,padri,parents,,
name,padroni,masters,,
name,paga,pay,,
name,pagabile,payable,,
name,pagina_creazione,creation_page,,
name,pagina_login,login_page,,
name,pagina_logout,logout_page,,
name,pallino,dot,,
name,palude,swamp,,
name,pannelli,panels,,
name,pannello,panel,,
name,pannello_atomi,atoms_panel,,
name,pannello_citta,city_panel,,
name,pannello_compagnia,party_panel,,
name,pannello_manuale,manual_panel,,
name,pannello_mappa,map_panel,,
name,pannello_regia,gm_panel,,
name,pannello_scheda,sheet_panel,,
name,pannello_sezioni,sections_panel,,
name,pannello_trasporti,transport_panel,,
name,pannello_turno,turn_panel,,
name,pannello_utenti,users_panel,,
name,parametri,params,,
name,parita,tie,,
name,parole,words,,
name,parte,part,,
name,partenza,departure,,
name,partenza_corrente,current_departure,,
name,partenze,departures,,
name,parti,parts,,
name,partiti,departed,,
name,passa,passes,,
name,passa_l_acqua,crosses_water,,
name,passaggi_interni,inner_passages,,
name,passaggio,passage,,
name,passaggio_barca,boat_passage,,
name,passaggio_piedi,foot_passage,,
name,passante,passing,,
name,passate,passed,,
name,passeggeri,passengers,,
name,passi,steps,,
name,passi_da,steps_from,,
name,passi_giu,steps_down,,
name,passo,step,,
name,passo_costo,step_cost_,,
name,passo_giusto,right_step,,
name,passo_vecchio,old_step,,
name,password_casuale,random_password,,
name,payload_da,payload_from,,
name,pedaggio,toll,,
name,peggiora_di,worsens_by,,
name,peggiore,worst,,
name,pelo,surface,,
name,penalita_malcontento,unrest_penalty,,
name,pennello,brush,,
name,per_b,for_b,,
name,per_esagono,per_hex,,
name,per_fiume,by_river,,
name,per_id,by_id,,
name,per_il_browser,for_browser,,
name,per_nodo,per_node,,
name,per_nome,by_name,,
name,per_pid,by_char_id,,
name,per_rimessa,per_depot,,
name,per_riva,per_bank,,
name,per_stato,by_state,,
name,per_tappa,per_waypoint,,
name,perche,why,,
name,perche_nuoto,why_swim,,
name,perche_posti,why_seats,,
name,percorso,path,,
name,percorso_db,db_path,,
name,percorso_giro,ring_path,,
name,percorso_immagine,image_path,,
name,pers,char,,
name,persi,lost_ones,,
name,perso,lost,,
name,personaggi,characters,,
name,personaggi_di_utente,characters_of_user,,
name,personaggi_ids,character_ids,,
name,personaggi_su,characters_on,,
name,personaggi_su_veicolo,characters_on_vehicle,,
name,personaggi_visibili,visible_characters,,
name,personaggio,character,,
name,personaggio_id,character_id,,
name,persone,people_,,
name,persone_ids,people_ids,,
name,peso,weight,,
name,pezzi,pieces,,
name,pezzi_della_corda,chord_pieces,,
name,pezzi_qui,pieces_here,,
name,pezzo,piece,,
name,pg,pc,,
name,pg_dopo,pc_after,,
name,pianifica,plan_,,
name,piano,plan,,
name,piano_0,plan_0,,
name,piano_di_rotta,route_plan,,
name,piano_finto,fake_plan,,
name,piano_g,plan_g,,
name,piano_intero,whole_plan,,
name,piano_su,plan_on,,
name,piano_zero,plan_zero,,
name,piazza,square,,
name,piccola,small_one,,
name,piccole,small_ones,,
name,piccolo,small,,
name,pid,char_id,,
name,pids,char_ids,,
name,pieni,full_ones,,
name,pieno,full,,
name,pila,stack,,
name,piu,more,,
name,piu_in_la,further,,
name,piu_lento,slowest,,
name,piu_lungo,longest,,
name,poligono,polygon,,
name,poligono_riva,bank_polygon,,
name,ponte,bridge,,
name,ponte_fra,bridge_between,,
name,ponte_id,crossing_id,,
name,ponte_sui_lati,bridge_on_sides,,
name,ponti,crossings,,
name,ponti_a_nuoto,swim_crossings,,
name,ponti_campagna,campaign_crossings,,
name,ponti_interni,inner_crossings,,
name,ponti_qui,crossings_here,,
name,ponti_sul_punto,crossings_on_point,,
name,portati,carried,,
name,posando,placing,,
name,posati,placed,,
name,posizione,position,,
name,posizioni,positions,,
name,posizioni_segnalini,marker_positions,,
name,posseduta,owned,,
name,posseduto,is_owned,,
name,possibile,possible,,
name,possibili,possible_ones,,
name,posti,seats,,
name,posti_dei_segnalini,marker_spots,,
name,posti_totali,total_seats,,
name,posti_veicolo,vehicle_seats,,
name,posto,spot,,
name,posto_angolo,corner_spot,,
name,posto_della_sezione,section_spot,,
name,posto_di_sezione,spot_of_section,,
name,posto_finale,final_spot,,
name,posto_puntato,pointed_spot,,
name,posto_ritrovo,meeting_spot,,
name,posto_salvato,saved_spot,,
name,pr_prima,rp_before,,
name,precedente,previous_,,
name,precedenti,previous_ones,,
name,predefinita,default_one,,
name,predefinito,default_,,
name,prefisso,prefix,,
name,prefisso_della_richiesta,request_prefix,,
name,prendi,take,,
name,preparati,prepared,,
name,presenti,present,,
name,presi,taken_ones,,
name,preso,taken,,
name,presto,soon,,
name,prezzo,price,,
name,prima,before,,
name,prima_base,base_before,,
name,prima_dei_viaggi,before_journeys,,
name,prima_fuori,outside_before,,
name,prima_pg,pcs_before,,
name,prima_pixel,pixel_before,,
name,prima_sponde,shores_before,,
name,prima_terreni,terrains_before,,
name,primi,first_ones,,
name,primo,first,,
name,primo2,first2,,
name,primo_e_ultimo,first_and_last,,
name,primo_pezzo,first_piece,,
name,prod,com,,
name,prodotto,commodity,,
name,progresso,progress,,
name,pronto,ready,,
name,propaga,propagate,,
name,proprietari,owners,,
name,proprietari_vertice,vertex_owners,,
name,proprietario,owner,,
name,proprio,own_,,
name,prossimo,next_,,
name,protetto,protected,,
name,prov,tst,,
name,provati,tried,,
name,provenienza,provenance,,
name,province,provinces,,
name,provvisorio,provisional,,
name,pubblico_altrui,others_public,,
name,pubblico_suo,own_public,,
name,pulisci,clean,,
name,pulisci_modificatori,clean_modifiers,,
name,puliti,cleaned,,
name,pulito,is_clean,,
name,pulsanti,buttons,,
name,punta,tip,,
name,puntato,pointed,,
name,punteggi,scores,,
name,punteggio,score,,
name,punti,points,,
name,punti_acqua,water_points,,
name,punti_agganciabili,snappable_points,,
name,punti_del_cammino,course_points,,
name,punti_delle_rive,bank_points,,
name,punti_disegnati,drawn_points,,
name,punti_lago,lake_points,,
name,punti_rotta,route_points,,
name,punto,point,,
name,punto_angolo,corner_point,,
name,punto_arrivo,arrival_point,,
name,punto_barca,boat_point,,
name,punto_del_nodo,node_point,,
name,punto_di_raduno,rendezvous_point,,
name,punto_fra,point_between,,
name,punto_raduno,meeting_point,,
name,punto_riva,bank_point,,
name,punto_unitario,unit_point,,
name,punto_unitario_del_nodo,unit_point_of_node,,
name,puo,can,,
name,puo_gestire,can_manage,,
name,puo_posare,can_place,,
name,puo_su_personaggio,can_on_character,,
name,puo_su_qualcuno,can_on_someone,,
name,puo_vedere,can_see,,
name,qua,here_,,
name,quadro,frame,,
name,quale,which,,
name,quali,which_ones,,
name,quando,when,,
name,quante,n_items,,
name,quanti,how_many,,
name,quanti_scelti,chosen_count,,
name,quanti_solo_lati,sides_only_count,,
name,quantita,quantity,,
name,quanto,how_much,,
name,quarto,quarter,,
name,quattro,four,,
name,qui,here,,
name,quota,share,,
name,raddoppiato,doubled,,
name,radice,root,,
name,raduno,rendezvous,,
name,raduno_su,rendezvous_on,,
name,raggi,radii,,
name,raggio,radius,,
name,raggio_del_tondo,badge_radius,,
name,raggiungibile,reachable,,
name,raggiungibili,reachable_ones,,
name,rami,branches,,
name,rami_tracciati,traced_branches,,
name,ramo,branch,,
name,ramo_due,branch_two,,
name,ramo_uno,branch_one,,
name,rank_competenza,proficiency_rank,,
name,reale,real,,
name,registra,record,,
name,registra_refresh,register_refresh,,
name,registro,journal,,
name,registro_in_tabella,journal_into_table,,
name,regno,kingdom,,
name,regola,rule,,
name,regolazioni_rapide,quick_adjustments,,
name,resa,yield_,,
name,residenziali,residential_count,,
name,resoconto,report,,
name,respinti,rejected,,
name,respiro,breath,,
name,resta,remains,,
name,resta_nel_suo,stays_in_own,,
name,restanti,remaining,,
name,resto,rest,,
name,resto_tratta,rest_of_leg,,
name,rete,network,,
name,rete_acqua,water_network,,
name,rete_acque,waters_network,,
name,rete_lago,lake_network,,
name,rete_tocca,network_touches,,
name,ricavati,derived,,
name,richiede,requires,,
name,richiesta,request_,,
name,richiesto,required,,
name,ricostruisci,rebuild,,
name,ridisegna,redraw,,
name,riempimento,fill_,,
name,riempimento_velo,veil_fill,,
name,rifatta,redone,,
name,riferimenti,references,,
name,riferimenti_acqua,water_references,,
name,riferimenti_terra,land_references,,
name,riferimento,reference,,
name,rifiutata,refused,,
name,riga,row,,
name,riga_a,row_a,,
name,riga_alta,top_row,,
name,riga_b,row_b,,
name,riga_gm,gm_row,,
name,riga_mod,mod_row,,
name,riga_vecchia,old_row,,
name,riga_vero,real_row,,
name,righe,rows,,
name,righe_costo,cost_rows,,
name,righe_mappa,map_rows,,
name,righe_messe_da_parte,stashed_rows,,
name,rimando,reference_,,
name,rimappa_riva,remap_bank,,
name,rimasti,remaining_ones,,
name,rimasto,remaining_one,,
name,rimessa,depot,,
name,rimossi,removed,,
name,rimuovi_insediamento,remove_settlement,,
name,rinumera_sezioni,renumber_sections,,
name,ripassato,revisited,,
name,ripulito,cleaned_up,,
name,risorsa,resource,,
name,risultato,result,,
name,ritmo_comune,common_pace,,
name,ritmo_di_gruppo,group_pace,,
name,ritmo_gruppo,party_pace,,
name,ritorno,return_,,
name,riva,bank,,
name,riva_comune,common_bank,,
name,riva_del_lato,bank_of_side,,
name,riva_nord,north_bank,,
name,riva_partenza,departure_bank,,
name,riva_qui,bank_here,,
name,riva_raduno,rendezvous_bank,,
name,riva_sud,south_bank,,
name,riva_vicina,near_bank,,
name,rive,banks,,
name,rive_campagna,campaign_banks,,
name,rive_dai_tagli,banks_from_cuts,,
name,rive_di,banks_of,,
name,rive_due,banks_two,,
name,rive_fra_vertici,banks_between_vertices,,
name,rive_ora,banks_now,,
name,rive_partenza,departure_banks,,
name,rive_qui,banks_here,,
name,rive_sul_cammino,banks_on_course,,
name,rivela,reveal,,
name,rivelare,to_reveal,,
name,rivendicati,claimed,,
name,rivendicazioni_per_turno,claims_per_turn,,
name,rombo,rhombus,,
name,rotta,route,,
name,rotta_db,db_route,,
name,rotta_l,route_l,,
name,rotta_lungo,route_along,,
name,rotta_ora,route_now,,
name,rotta_verso,route_towards,,
name,rotte,routes,,
name,rov,ruin_,,
name,ruoli,roles,,
name,ruolo,role,,
name,ruolo_richiesto,required_role,,
name,sagome,silhouettes,,
name,sale,salt_,,
name,salita_impedita,ascent_blocked,,
name,saliti,boarded,,
name,saltata,skipped,,
name,salti,jumps,,
name,salti_interni,inner_jumps,,
name,salva,save,,
name,salva_e_aggiorna,save_and_refresh,,
name,salva_e_aggiorna_pannelli,save_and_refresh_panels,,
name,salva_leggero,save_light,,
name,salvata,saved,,
name,sbagliate,wrong_ones,,
name,sbagliati,wrong,,
name,sbloccati,unlocked,,
name,sbloccato,is_unlocked,,
name,sbordano,overflow,,
name,scala,scale,,
name,scalato,scaled,,
name,scappati,escaped,,
name,scartate,discarded,,
name,scarti,rejects,,
name,scarto,offset_,,
name,scavalco,hop,,
name,scavalco_fra_lati,hop_between_sides,,
name,scegli_veicolo,choose_vehicle,,
name,scelta,choice,,
name,scelta_immagine,image_choice,,
name,scelte,choices,,
name,scelte_leader,leader_choices,,
name,scelti,chosen,,
name,scelto,chosen_one,,
name,scena,scene,,
name,scesi,disembarked,,
name,sceso,has_disembarked,,
name,scheda,tab_,,
name,scheda_attiva,active_tab,,
name,scheda_del_pannello,panel_tab,,
name,schema_vuoto,empty_schema,,
name,scollega_insediamento,unlink_settlement,,
name,sconosciuti,unknown_ones,,
name,scorri,scroll_,,
name,scritta,caption,,
name,scritta_gruppo,group_caption,,
name,scritte,captions,,
name,scritti,written,,
name,scritto,is_written,,
name,scritture,writes,,
name,scrivi,write,,
name,scrivi_carta_acque,write_water_chart,,
name,scrivi_dati_gm,write_gm_data,,
name,scrivi_meta,write_meta,,
name,scrivi_su_disco,write_to_disk,,
name,se_parte,if_it_leaves,,
name,seconda,second_one,,
name,secondi,seconds,,
name,secondi_per_giorno,seconds_per_day,,
name,secondo,second,,
name,segmenti,segments,,
name,segmenti_di,segments_of,,
name,segmento,segment,,
name,segna,mark_,,
name,segna_attivita,mark_activity,,
name,segnalini,markers,,
name,segnalino_sotto,marker_under,,
name,segnaposto,placeholder,,
name,segni,signs,,
name,segno,sign,,
name,segreti,secrets,,
name,segreti_campagna,campaign_secrets,,
name,segreto,secret,,
name,sei,six,,
name,senza,without,,
name,senza_area,without_area,,
name,senza_barca,without_boat,,
name,senza_guado,without_ford,,
name,senza_lago,without_lake,,
name,senza_lati,without_sides,,
name,senza_nessuno,with_nobody,,
name,senza_padre,without_parent,,
name,senza_ponte,without_bridge,,
name,senza_verso,without_direction,,
name,separati,separate,,
name,separati_tracciati,traced_separate,,
name,separato,is_separate,,
name,servono,needed,,
name,sette,seven,,
name,sezione,section,,
name,sezione_di,section_of,,
name,sezioni,sections,,
name,sezioni_campagna,campaign_sections,,
name,sezioni_della_mappa,map_sections,,
name,sezioni_mappa,sections_map,,
name,sezioni_ora,sections_now,,
name,sfondo,background,,
name,sicuro,safe,,
name,simboli,symbols,,
name,simbolo_veicolo,vehicle_symbol,,
name,singoli,singles,,
name,sinistra,left_,,
name,siti,sites,,
name,soddisfa_competenza,meets_proficiency,,
name,soglia,threshold,,
name,soglia_anarchia,anarchy_threshold,,
name,sola_finestra,single_window,,
name,soli,alone_items,,
name,solo,only,,
name,solo_attivi,active_only,,
name,solo_di_la,only_beyond,,
name,solo_due,only_two,,
name,solo_lati,sides_only,,
name,somma,total_,,
name,sopra,above,,
name,sorgente,source_text,,
name,sorgente_mappa,map_source,,
name,sostenibili,sustainable,,
name,sostituisci,replace_,,
name,sostituisci_rive_tracciate,replace_traced_banks,,
name,sostituisci_tracciati,replace_traced,,
name,sotto,below,,
name,sotto_nebbia,under_fog,,
name,sovra,over,,
name,sovrappopolato,overcrowded,,
name,sovrapposte,overlapping,,
name,spaiati,unpaired,,
name,sparsi,scattered,,
name,spazzatura,garbage,,
name,spendi_pr,spend_rp,,
name,spenti,off_ones,,
name,spento,is_off,,
name,speso,spent,,
name,spessore,thickness,,
name,spezzata,polyline,,
name,spiega,explain,,
name,sponda,shore,,
name,sponda_di_la,shore_beyond,,
name,sponda_di_qua,shore_this_side,,
name,sponda_migliore,best_shore,,
name,sponde,shores,,
name,sponde_9_4,shores_9_4,,
name,sponde_cammino,course_shores,,
name,sponde_del_ponte,crossing_shores,,
name,sponde_disegno,drawing_shores,,
name,sponde_t,shores_t,,
name,sporca,dirty,,
name,sposta_grado,shift_grade,,
name,sposta_veicoli_con,move_vehicles_with,,
name,spostati,moved,,
name,sta_impersonando,is_impersonating,,
name,staccata,detached_one,,
name,staccato,detached,,
name,stalla_id,stable_id,,
name,stati,states,,
name,stati_dai_punti,statuses_from_points,,
name,stato,state,,
name,stato_finestra,window_state,,
name,stato_prima,state_before,,
name,stato_qui,state_here,,
name,stato_ui,ui_state,,
name,stesso,same,,
name,stesso_esagono,same_hex,,
name,stima_massima,max_estimate,,
name,storta,bent_one,,
name,storti,bent_ones,,
name,storto,bent,,
name,strada,road,,
name,strada_comune,common_road,,
name,strada_giu,road_down,,
name,strade,roads,,
name,strato,layer,,
name,strato_confini,borders_layer,,
name,strato_dopo,layer_after,,
name,strato_fondo,ground_layer,,
name,strato_icone,icons_layer,,
name,strato_percorso,path_layer,,
name,strato_proposta,proposal_layer,,
name,strato_scelti,chosen_layer,,
name,strato_velo,veil_layer,,
name,strato_viaggi,journeys_layer,,
name,stretta,narrow_one,,
name,stretti,narrow_ones,,
name,stretto,narrow,,
name,struttura_id,structure_id,,
name,strutture,structures,,
name,strutture_di,structures_of,,
name,su_bordo,on_edge,,
name,su_fallimento,on_failure,,
name,su_piano,on_plan,,
name,su_sponda,on_shore,,
name,su_successo,on_success,,
name,sua,its,,
name,subito,immediately,,
name,sul_bordo,on_the_edge,,
name,sul_lato,on_the_side,,
name,sul_segmento,on_the_segment,,
name,sul_taglio,on_the_cut,,
name,sull_acqua,on_the_water,,
name,sulla_mappa,on_the_map,,
name,sulla_sponda,on_the_shore,,
name,suo,its_own,,
name,suo_mezzo,its_vehicle,,
name,suoi,its_ones,,
name,svelto,quick,,
name,svg_casa,svg_home,,
name,svg_gruppo,svg_group,,
name,svg_guadi,svg_fords,,
name,svg_interno,svg_inner,,
name,svg_lago,svg_lake,,
name,svg_solo,svg_only,,
name,t_citta,t_city,,
name,t_compagnia,t_party,,
name,t_dati,t_data,,
name,t_mappa,t_map,,
name,t_regia,t_gm,,
name,t_regno,t_kingdom,,
name,t_stalla,t_stable,,
name,t_turno,t_turn,,
name,tabella,table,,
name,tagli,cuts,,
name,tagli_dai_gruppi,cuts_from_groups,,
name,tagli_di,cuts_of,,
name,tagli_locali,local_cuts,,
name,tagli_vertici,vertex_cuts,,
name,taglia,size__,,
name,taglia_dentro,cut_inside,,
name,tagliata,cut_one,,
name,tagliati,cut_ones,,
name,tagliato,is_cut,,
name,taglio,cut,,
name,talento,feat,,
name,tappa,waypoint,,
name,tappa_raggiunta,waypoint_reached,,
name,tappe,waypoints,,
name,tappe_comuni,common_waypoints,,
name,tappe_di,waypoints_of,,
name,tappe_grezze,raw_waypoints,,
name,tappe_stati,waypoint_statuses,,
name,tavolo,table,,
name,tenuta,held,,
name,tenute,held_ones,,
name,terr,heartland_,,
name,terra,land,,
name,terreni,terrains,,
name,testa,head,,
name,testo,text,,
name,testo_documento,document_text,,
name,testo_esito,outcome_text,,
name,testo_nodo,node_text,,
name,testo_piano,plan_text,,
name,tetto,ceiling,,
name,tinta,tint,,
name,tipi,kinds,,
name,tipo,kind,,
name,tipo_da_catalogo,kind_from_catalogue,,
name,tipo_dentro,inner_kind_,,
name,tipo_lato,side_kind,,
name,tipo_veicolo,vehicle_kind,,
name,tira,roll,,
name,tira_abilita,roll_skill,,
name,tira_prova,roll_check,,
name,tiri,rolls,,
name,titolo,title,,
name,titolo_extra,extra_title,,
name,titolo_prova,check_title,,
name,tocca,touches,,
name,tocca_ch,touches_ch,,
name,tocca_il_giro,touches_ring,,
name,toccano,touch_,,
name,togli,remove,,
name,togli_correnti,remove_currents,,
name,togli_lago,remove_lake,,
name,togli_ponte,remove_crossing,,
name,togli_ponti,remove_crossings,,
name,token_salvato,saved_token,,
name,tolleranza,tolerance,,
name,tolte,removed_ones,,
name,tolti,removed_items,,
name,tondi,badges,,
name,tondo,badge,,
name,tondo_barche,boats_badge,,
name,tondo_mezzo,vehicle_badge,,
name,tondo_persona,person_badge,,
name,torna_te_stesso,back_to_self,,
name,tornati,returned,,
name,tornato,has_returned,,
name,totale,total,,
name,totali,totals,,
name,traccia,trace,,
name,tracciati,traced,,
name,tracciato,traced_one,,
name,trascorso,elapsed,,
name,trasporti,transport,,
name,tratta,leg,,
name,tratte,legs,,
name,tratteggiati,dashed,,
name,tratteggio,dash,,
name,tratti,stretches,,
name,tratti_dei_segmenti,segment_stretches,,
name,tratti_del_cammino,course_stretches,,
name,tratti_di,stretches_of,,
name,tratti_lago,lake_stretches,,
name,tratti_rive,bank_stretches,,
name,tratto,stretch,,
name,tratto_del_confine,border_stretch,,
name,traversa,span,,
name,traversate,crossed_ones,,
name,tre,three,,
name,trovata,found_one,,
name,trovate,found_ones,,
name,trovati,found_items,,
name,trovato,found,,
name,trovato_a,found_a,,
name,trovato_b,found_b,,
name,turno,turn,,
name,turno_prima,turn_before,,
name,tutte_le_strutture,all_structures,,
name,tutti,everyone,,
name,tutti_i_tagli,all_cuts,,
name,tutto,everything,,
name,tutto_dal_db,all_from_db,,
name,uguali,equal,,
name,ultima,last_one,,
name,ultima_riva,last_bank,,
name,ultimi,last_ones,,
name,ultimo,last,,
name,ultimo2,last2,,
name,ultimo_del_mese,last_of_month,,
name,ultimo_esagono,last_hex,,
name,ultimo_nodo,last_node,,
name,un_salto,one_jump,,
name,un_tratto,one_stretch,,
name,una,one_f,,
name,una_,one_f_,,
name,una_tratta,one_leg,,
name,una_volta,once,,
name,unifica_caselle,unify_fields,,
name,unione,union,,
name,unisce,joins,,
name,unita,unit,,
name,unite,joined,,
name,unite_dopo,joined_after,,
name,uno,one,,
name,uno_l,one_l,,
name,urvan,dagny,,
name,urvan_dopo,dagny_after,,
name,usate,used_ones,,
name,usati,used_items,,
name,usato,used,,
name,usato_un_veicolo,used_a_vehicle,,
name,uscita,exit_,,
name,uscite,exits,,
name,uscite_accese,lit_exits,,
name,uscite_spente,off_exits,,
name,usi_attivita,activity_uses,,
name,usi_passo,step_uses,,
name,utente,user,,
name,utente_corrente,current_user,,
name,utente_id,user_id,,
name,utente_per_id,user_by_id,,
name,utente_per_nome,user_by_name,,
name,utenti,users,,
name,utilizzabili,usable,,
name,vai,go,,
name,valida,is_valid,,
name,valide,valid_ones,,
name,validi,valid,,
name,valle,downstream,,
name,valore,value,,
name,valore_quantita,quantity_value,,
name,valore_segnato,signed_value,,
name,valori,values,,
name,varchi,gaps,,
name,varco,gap_,,
name,variabile,variable,,
name,vecchi,old_ones,,
name,vecchi_gruppi,old_groups,,
name,vecchia,old_one,,
name,vecchie,old_items,,
name,vecchio,old,,
name,veicoli,vehicles,,
name,veicoli_barca,boat_vehicles,,
name,veicoli_del_gruppo,party_vehicles,,
name,veicolo,vehicle,,
name,veicolo_id,vehicle_id_,,
name,veicolo_stalla,stable_vehicle,,
name,vel,spd,,
name,velatura,veiling,,
name,velo,veil,,
name,velocita,speed,,
name,velocita_da_stalla,speed_from_stable,,
name,velocita_di_viaggio,travel_speed,,
name,velocita_gruppo,party_speed,,
name,velocita_m,speed_m,,
name,velocita_nuoto,swim_speed,,
name,velocita_personaggio,character_speed,,
name,velocita_veicolo_migliore,best_vehicle_speed,,
name,venendo_da,coming_from,,
name,vera,real_one,,
name,vera_su,real_on,,
name,vera_vista,real_view,,
name,verbo,verb,,
name,verdi,greens,,
name,vere,real_ones,,
name,verifica,verify,,
name,verificato,verified,,
name,vero,real,,
name,vero_apri,real_open,,
name,vero_dialogo,real_dialog,,
name,vero_id,real_id_,,
name,vero_js,real_js,,
name,vero_ridisegna,real_redraw,,
name,vero_su,real_on_,,
name,vero_utente,real_user,,
name,versi,directions,,
name,versi_del_cammino,course_directions,,
name,versione,version,,
name,versione_prima,version_before,,
name,verso,direction,,
name,verso_del_passo,step_direction,,
name,vert_altro,vert_other,,
name,vertice,vertex,,
name,vertice_comune,common_vertex,,
name,vertici,vertices,,
name,vertici_del_lato,side_vertices,,
name,vertici_di,vertices_of,,
name,vertici_vicini,near_vertices,,
name,viaggi,journeys,,
name,viaggi_in_corso,journeys_in_progress,,
name,viaggi_per_personaggio,journeys_by_character,,
name,viaggiatori,travellers,,
name,viaggio,journey,var,
name,viaggio_finto,fake_journey,,
name,viaggio_fra,journey_between,,
name,viaggio_id,journey_id,,
name,vic_mezzo,nb_vehicle,,
name,vicine,near_ones,,
name,vicini,neighbours_,,
name,vicini_di_i,neighbours_of_i,,
name,vicini_finti,fake_neighbours,,
name,vicini_prima,neighbours_before,,
name,vicini_qui,neighbours_here,,
name,vicino,near,,
name,vicino_a,near_to,,
name,vicino_bagnato,wet_neighbour,,
name,vicino_qui,near_here,,
name,vincolate,constrained,,
name,visibile,visible,,
name,visibili,visible_ones,,
name,visibili_al_gruppo,visible_to_party,,
name,visibili_gruppo,party_visible,,
name,vista,view,,
name,vista_finta,fake_view,,
name,vista_gm,gm_view,,
name,visti,seen,,
name,viva,live,,
name,vivi,alive,,
name,voce,entry,,
name,voce_dimensione,size_entry,,
name,voce_livello,level_entry,,
name,voce_stalla,stable_entry,,
name,voci,entries,,
name,voluto,wanted,,
name,vuota,empty_one,,
name,vuoto,empty,,
name,zeri,zeros,,
name,zittisci,silence,,
enum,esercito,army,,
enum,tasse,taxes,,
enum,spese,expenses,,
enum,accordi,agreements,,
name,dove_x,pos_x,,
name,dove_y,pos_y,,
name,hex_riga,hex_row,,
name,altezza_img,img_height,,
name,larghezza_img,img_width,,
name,anteprima_giocatore,player_preview,,
name,bonus_velocita_m,speed_bonus_m,,
name,hash_pw,pw_hash,,
name,modo_acqua,water_mode,,
name,modo_confine,border_mode,,
name,modo_viaggio,travel_mode,,
name,note_gm,gm_notes,,
name,requisiti,requirements,,
name,solo_costruibili,buildable_only,,
name,togli_verso,remove_direction,,
name,tratti_atomi,atom_stretches,,
name,turno_risolto,turn_resolved,,
name,ultimo_accesso,last_login,,
name,velo_terreni,terrain_veil,,
name,velocita_nuoto_m,swim_speed_m,,
name,viaggio_pg,travel_pcs,,
name,_lucchetto,_lock,,
name,_membri_cache,_members_cache,,
name,_scritti_esagoni,_written_hexes,,
name,_scritto_documento,_written_document,,
name,_sporco,_dirty,,
name,_stato,_state,,
name,_visibili,_visible_set,,
name,porta,gate,,
name,ridisegni,redraws,,
name,rifatti,redone_ones,,
name,sparpaglio_acqua,water_scatter,,
name,sparpaglio_terra,land_scatter,,
name,acque,waters,var,
name,pagina,page_,var,
name,righello,ruler_,var,
name,configura_log,configure_log,,
name,km_ora,km_hour,,
name,url_veicolo,vehicle_url,,
name,smarrito,lost,,
key,barca,boat,,
key,bersaglio,target,,
key,formato,format,,
key,in_lago,in_lake,,
key,mezzo,vehicle,,
key,passa,passes,,
key,ponti,crossings,,
key,registro,log,,
key,senza_verso,without_direction,,
key,solo_acqua,water_only,,
key,solo_costruibili,buildable_only,,
key,territorio,territory,,
key,versi,directions,,
key,smarrito,lost,,
wire,scena.py,scene.py,,
wire,city.contenuto,city.content,,
wire,compagnia.personaggi,party.characters,,
wire,hexmap.acque,hexmap.waters,,
wire,hexmap.azioni,hexmap.actions,,
wire,hexmap.compagnia,hexmap.party,,
wire,hexmap.conteggi,hexmap.counts,,
wire,hexmap.cursori,hexmap.sliders,,
wire,hexmap.dettaglio,hexmap.detail,,
wire,hexmap.mappa,hexmap.map,,
wire,hexmap.viaggio,hexmap.travel,,
wire,main.intestazione,main.header,,
wire,orologio.barra,clock.bar,,
wire,trasporti.elenco,transport.list,,
wire,turn.pannello,turn.panel,,
wire,turn.registro,turn.journal,,
wire,turn.regolazioni,turn.adjustments,,
wire,turn.viaggi,turn.journeys,,
wire,/assets/personaggi,/assets/characters,,
wire,/assets/veicoli,/assets/vehicles,,
enum,modifica_regno,edit_kingdom,,
enum,carica_immagine,upload_image,,
enum,vedi_segreti,see_secrets,,
enum,gestisci_personaggi,manage_characters,,
enum,proprio_personaggio,own_character,,
enum,gestisci_stalla,manage_stable,,
enum,pianifica_viaggio,plan_travel,,
enum,governa_tempo,control_clock,,
enum,gestisci_utenti,manage_users,,
enum,esporta_salvataggio,export_save,,
enum,azzera_regno,reset_kingdom,,
enum,miniature,thumbnails,,
